"YEAR","JURISDICTION","LOCATION","AGE_GROUP","METRIC","Fines","Arrests","Charges","END_DATE","START_DATE","COUNT"
2008,"ACT","All regions","All ages","positive_breath_tests",0,0,0,"2008-12-31","2008-01-01",1887
2008,"NSW","All regions","All ages","positive_breath_tests",0,0,0,"2008-12-31","2008-01-01",27368
2008,"NT","All regions","All ages","positive_breath_tests",0,0,0,"2008-12-31","2008-01-01",9460
2008,"QLD","All regions","All ages","positive_breath_tests",0,0,0,"2008-12-31","2008-01-01",26975
2008,"SA","All regions","All ages","positive_breath_tests",0,0,0,"2008-12-31","2008-01-01",10467
2008,"TAS","All regions","All ages","positive_breath_tests",0,0,0,"2008-12-31","2008-01-01",4563
2008,"VIC","All regions","All ages","positive_breath_tests",0,0,0,"2008-12-31","2008-01-01",19190
2008,"WA","All regions","All ages","positive_breath_tests",0,0,0,"2008-12-31","2008-01-01",14532
2009,"ACT","All regions","All ages","positive_breath_tests",0,0,0,"2009-12-31","2009-01-01",1628
2009,"NSW","All regions","All ages","positive_breath_tests",0,0,0,"2009-12-31","2009-01-01",26595
2009,"NT","All regions","All ages","positive_breath_tests",0,0,0,"2009-12-31","2009-01-01",10990
2009,"QLD","All regions","All ages","positive_breath_tests",0,0,0,"2009-12-31","2009-01-01",32696
2009,"SA","All regions","All ages","positive_breath_tests",0,0,0,"2009-12-31","2009-01-01",10954
2009,"TAS","All regions","All ages","positive_breath_tests",0,0,0,"2009-12-31","2009-01-01",5120
2009,"VIC","All regions","All ages","positive_breath_tests",0,0,0,"2009-12-31","2009-01-01",18246
2009,"WA","All regions","All ages","positive_breath_tests",0,0,0,"2009-12-31","2009-01-01",13039
2010,"ACT","All regions","All ages","positive_breath_tests",0,0,0,"2010-12-31","2010-01-01",1447
2010,"NSW","All regions","All ages","positive_breath_tests",0,0,0,"2010-12-31","2010-01-01",24411
2010,"NT","All regions","All ages","positive_breath_tests",0,0,0,"2010-12-31","2010-01-01",10842
2010,"QLD","All regions","All ages","positive_breath_tests",0,0,0,"2010-12-31","2010-01-01",33638
2010,"SA","All regions","All ages","positive_breath_tests",0,0,0,"2010-12-31","2010-01-01",10172
2010,"TAS","All regions","All ages","positive_breath_tests",0,0,0,"2010-12-31","2010-01-01",3895
2010,"VIC","All regions","All ages","positive_breath_tests",0,0,0,"2010-12-31","2010-01-01",16297
2010,"WA","All regions","All ages","positive_breath_tests",0,0,0,"2010-12-31","2010-01-01",11595
2011,"ACT","All regions","All ages","positive_breath_tests",0,0,0,"2011-12-31","2011-01-01",1488
2011,"NSW","All regions","All ages","positive_breath_tests",0,0,0,"2011-12-31","2011-01-01",22117
2011,"NT","All regions","All ages","positive_breath_tests",0,0,0,"2011-12-31","2011-01-01",8914
2011,"QLD","All regions","All ages","positive_breath_tests",0,0,0,"2011-12-31","2011-01-01",27264
2011,"SA","All regions","All ages","positive_breath_tests",0,0,0,"2011-12-31","2011-01-01",10034
2011,"TAS","All regions","All ages","positive_breath_tests",0,0,0,"2011-12-31","2011-01-01",3527
2011,"VIC","All regions","All ages","positive_breath_tests",0,0,0,"2011-12-31","2011-01-01",13925
2011,"WA","All regions","All ages","positive_breath_tests",0,0,0,"2011-12-31","2011-01-01",10644
2012,"ACT","All regions","All ages","positive_breath_tests",0,0,0,"2012-12-31","2012-01-01",1418
2012,"NSW","All regions","All ages","positive_breath_tests",0,0,0,"2012-12-31","2012-01-01",19982
2012,"NT","All regions","All ages","positive_breath_tests",0,0,0,"2012-12-31","2012-01-01",9332
2012,"QLD","All regions","All ages","positive_breath_tests",0,0,0,"2012-12-31","2012-01-01",25320
2012,"SA","All regions","All ages","positive_breath_tests",0,0,0,"2012-12-31","2012-01-01",9267
2012,"TAS","All regions","All ages","positive_breath_tests",0,0,0,"2012-12-31","2012-01-01",2916
2012,"VIC","All regions","All ages","positive_breath_tests",0,0,0,"2012-12-31","2012-01-01",13033
2012,"WA","All regions","All ages","positive_breath_tests",0,0,0,"2012-12-31","2012-01-01",9737
2013,"ACT","All regions","All ages","positive_breath_tests",0,0,0,"2013-12-31","2013-01-01",1399
2013,"NSW","All regions","All ages","positive_breath_tests",0,0,0,"2013-12-31","2013-01-01",20193
2013,"NT","All regions","All ages","positive_breath_tests",0,0,0,"2013-12-31","2013-01-01",12395
2013,"QLD","All regions","All ages","positive_breath_tests",0,0,0,"2013-12-31","2013-01-01",25291
2013,"SA","All regions","All ages","positive_breath_tests",0,0,0,"2013-12-31","2013-01-01",8890
2013,"TAS","All regions","All ages","positive_breath_tests",0,0,0,"2013-12-31","2013-01-01",2782
2013,"VIC","All regions","All ages","positive_breath_tests",0,0,0,"2013-12-31","2013-01-01",11442
2013,"WA","All regions","All ages","positive_breath_tests",0,0,0,"2013-12-31","2013-01-01",8636
2014,"ACT","All regions","All ages","positive_breath_tests",0,0,0,"2014-12-31","2014-01-01",1267
2014,"NSW","All regions","All ages","positive_breath_tests",0,0,0,"2014-12-31","2014-01-01",19531
2014,"NT","All regions","All ages","positive_breath_tests",0,0,0,"2014-12-31","2014-01-01",13562
2014,"QLD","All regions","All ages","positive_breath_tests",0,0,0,"2014-12-31","2014-01-01",23023
2014,"SA","All regions","All ages","positive_breath_tests",0,0,0,"2014-12-31","2014-01-01",8154
2014,"TAS","All regions","All ages","positive_breath_tests",0,0,0,"2014-12-31","2014-01-01",2585
2014,"VIC","All regions","All ages","positive_breath_tests",0,0,0,"2014-12-31","2014-01-01",12062
2014,"WA","All regions","All ages","positive_breath_tests",0,0,0,"2014-12-31","2014-01-01",11034
2015,"ACT","All regions","All ages","positive_breath_tests",0,0,0,"2015-12-31","2015-01-01",1134
2015,"NSW","All regions","All ages","positive_breath_tests",0,0,0,"2015-12-31","2015-01-01",18750
2015,"NT","All regions","All ages","positive_breath_tests",0,0,0,"2015-12-31","2015-01-01",14192
2015,"QLD","All regions","All ages","positive_breath_tests",0,0,0,"2015-12-31","2015-01-01",20357
2015,"SA","All regions","All ages","positive_breath_tests",0,0,0,"2015-12-31","2015-01-01",8208
2015,"TAS","All regions","All ages","positive_breath_tests",0,0,0,"2015-12-31","2015-01-01",2327
2015,"VIC","All regions","All ages","positive_breath_tests",0,0,0,"2015-12-31","2015-01-01",9315
2015,"WA","All regions","All ages","positive_breath_tests",0,0,0,"2015-12-31","2015-01-01",10071
2016,"ACT","All regions","All ages","positive_breath_tests",0,0,0,"2016-12-31","2016-01-01",1005
2016,"NSW","All regions","All ages","positive_breath_tests",0,0,0,"2016-12-31","2016-01-01",17442
2016,"NT","All regions","All ages","positive_breath_tests",0,0,0,"2016-12-31","2016-01-01",7571
2016,"QLD","All regions","All ages","positive_breath_tests",0,0,0,"2016-12-31","2016-01-01",18673
2016,"SA","All regions","All ages","positive_breath_tests",0,0,0,"2016-12-31","2016-01-01",5155
2016,"TAS","All regions","All ages","positive_breath_tests",0,0,0,"2016-12-31","2016-01-01",2322
2016,"VIC","All regions","All ages","positive_breath_tests",0,0,0,"2016-12-31","2016-01-01",10337
2016,"WA","All regions","All ages","positive_breath_tests",0,0,0,"2016-12-31","2016-01-01",8912
2017,"ACT","All regions","All ages","positive_breath_tests",0,0,0,"2017-12-31","2017-01-01",1057
2017,"NSW","All regions","All ages","positive_breath_tests",0,0,0,"2017-12-31","2017-01-01",18022
2017,"NT","All regions","All ages","positive_breath_tests",0,0,0,"2017-12-31","2017-01-01",7846
2017,"QLD","All regions","All ages","positive_breath_tests",0,0,0,"2017-12-31","2017-01-01",16489
2017,"SA","All regions","All ages","positive_breath_tests",0,0,0,"2017-12-31","2017-01-01",6007
2017,"TAS","All regions","All ages","positive_breath_tests",0,0,0,"2017-12-31","2017-01-01",2070
2017,"VIC","All regions","All ages","positive_breath_tests",0,0,0,"2017-12-31","2017-01-01",9969
2017,"WA","All regions","All ages","positive_breath_tests",0,0,0,"2017-12-31","2017-01-01",9062
2018,"ACT","All regions","All ages","positive_breath_tests",0,0,0,"2018-12-31","2018-01-01",1114
2018,"NSW","All regions","All ages","positive_breath_tests",0,0,0,"2018-12-31","2018-01-01",17989
2018,"NT","All regions","All ages","positive_breath_tests",0,0,0,"2018-12-31","2018-01-01",7672
2018,"QLD","All regions","All ages","positive_breath_tests",0,0,0,"2018-12-31","2018-01-01",16773
2018,"SA","All regions","All ages","positive_breath_tests",0,0,0,"2018-12-31","2018-01-01",4997
2018,"TAS","All regions","All ages","positive_breath_tests",0,0,0,"2018-12-31","2018-01-01",1723
2018,"VIC","All regions","All ages","positive_breath_tests",0,0,0,"2018-12-31","2018-01-01",7025
2018,"WA","All regions","All ages","positive_breath_tests",0,0,0,"2018-12-31","2018-01-01",7550
2019,"ACT","All regions","All ages","positive_breath_tests",0,0,0,"2019-12-31","2019-01-01",933
2019,"NSW","All regions","All ages","positive_breath_tests",0,0,0,"2019-12-31","2019-01-01",17084
2019,"NT","All regions","All ages","positive_breath_tests",0,0,0,"2019-12-31","2019-01-01",7775
2019,"QLD","All regions","All ages","positive_breath_tests",0,0,0,"2019-12-31","2019-01-01",16685
2019,"SA","All regions","All ages","positive_breath_tests",0,0,0,"2019-12-31","2019-01-01",4985
2019,"TAS","All regions","All ages","positive_breath_tests",0,0,0,"2019-12-31","2019-01-01",1805
2019,"VIC","All regions","All ages","positive_breath_tests",0,0,0,"2019-12-31","2019-01-01",9235
2019,"WA","All regions","All ages","positive_breath_tests",0,0,0,"2019-12-31","2019-01-01",6878
2020,"ACT","All regions","All ages","positive_breath_tests",0,0,0,"2020-12-31","2020-01-01",888
2020,"NSW","All regions","All ages","positive_breath_tests",0,0,0,"2020-12-31","2020-01-01",13540
2020,"NT","All regions","All ages","positive_breath_tests",0,0,0,"2020-12-31","2020-01-01",7362
2020,"QLD","All regions","All ages","positive_breath_tests",0,0,0,"2020-12-31","2020-01-01",16060
2020,"SA","All regions","All ages","positive_breath_tests",0,0,0,"2020-12-31","2020-01-01",4400
2020,"VIC","All regions","All ages","positive_breath_tests",0,0,0,"2020-12-31","2020-01-01",4976
2020,"WA","All regions","All ages","positive_breath_tests",0,0,0,"2020-12-31","2020-01-01",7510
2021,"ACT","All regions","All ages","positive_breath_tests",0,0,0,"2021-12-31","2021-01-01",767
2021,"NSW","All regions","All ages","positive_breath_tests",0,0,0,"2021-12-31","2021-01-01",12980
2021,"NT","All regions","All ages","positive_breath_tests",0,0,0,"2021-12-31","2021-01-01",5492
2021,"QLD","All regions","All ages","positive_breath_tests",0,0,0,"2021-12-31","2021-01-01",16402
2021,"SA","All regions","All ages","positive_breath_tests",0,0,0,"2021-12-31","2021-01-01",4062
2021,"VIC","All regions","All ages","positive_breath_tests",0,0,0,"2021-12-31","2021-01-01",6363
2021,"WA","All regions","All ages","positive_breath_tests",0,0,0,"2021-12-31","2021-01-01",7417
2022,"ACT","All regions","All ages","positive_breath_tests",0,0,0,"2022-12-31","2022-01-01",847
2022,"NSW","All regions","All ages","positive_breath_tests",0,0,0,"2022-12-31","2022-01-01",15794
2022,"NT","All regions","All ages","positive_breath_tests",0,0,0,"2022-12-31","2022-01-01",5120
2022,"QLD","All regions","All ages","positive_breath_tests",0,0,0,"2022-12-31","2022-01-01",17007
2022,"SA","All regions","All ages","positive_breath_tests",0,0,0,"2022-12-31","2022-01-01",4556
2022,"VIC","All regions","All ages","positive_breath_tests",0,0,0,"2022-12-31","2022-01-01",8280
2022,"WA","All regions","All ages","positive_breath_tests",0,0,0,"2022-12-31","2022-01-01",7331
2023,"ACT","Major Cities of Australia","17-25","positive_breath_tests",0,0,15,"2023-05-31","2023-05-01",15
2023,"ACT","Major Cities of Australia","17-25","positive_breath_tests",0,0,16,"2023-09-30","2023-04-01",32
2023,"ACT","Major Cities of Australia","17-25","positive_breath_tests",0,1,13,"2023-12-31","2023-11-01",26
2023,"ACT","Major Cities of Australia","17-25","positive_breath_tests",0,1,17,"2023-07-31","2023-02-01",34
2023,"ACT","Major Cities of Australia","17-25","positive_breath_tests",0,1,21,"2023-10-31","2023-10-01",21
2023,"ACT","Major Cities of Australia","17-25","positive_breath_tests",0,2,18,"2023-01-31","2023-01-01",18
2023,"ACT","Major Cities of Australia","17-25","positive_breath_tests",0,3,11,"2023-06-30","2023-06-01",11
2023,"ACT","Major Cities of Australia","17-25","positive_breath_tests",0,3,20,"2023-08-31","2023-08-01",20
2023,"ACT","Major Cities of Australia","17-25","positive_breath_tests",0,3,26,"2023-03-31","2023-03-01",26
2023,"ACT","Major Cities of Australia","26-39","positive_breath_tests",0,1,15,"2023-01-31","2023-01-01",15
2023,"ACT","Major Cities of Australia","26-39","positive_breath_tests",0,1,20,"2023-02-28","2023-02-01",20
2023,"ACT","Major Cities of Australia","26-39","positive_breath_tests",0,1,25,"2023-03-31","2023-03-01",25
2023,"ACT","Major Cities of Australia","26-39","positive_breath_tests",0,2,22,"2023-09-30","2023-09-01",22
2023,"ACT","Major Cities of Australia","26-39","positive_breath_tests",0,2,28,"2023-06-30","2023-06-01",28
2023,"ACT","Major Cities of Australia","26-39","positive_breath_tests",0,2,30,"2023-12-31","2023-12-01",30
2023,"ACT","Major Cities of Australia","26-39","positive_breath_tests",0,3,13,"2023-11-30","2023-11-01",13
2023,"ACT","Major Cities of Australia","26-39","positive_breath_tests",0,3,32,"2023-08-31","2023-08-01",32
2023,"ACT","Major Cities of Australia","26-39","positive_breath_tests",0,4,20,"2023-10-31","2023-10-01",20
2023,"ACT","Major Cities of Australia","26-39","positive_breath_tests",0,4,27,"2023-07-31","2023-07-01",27
2023,"ACT","Major Cities of Australia","26-39","positive_breath_tests",0,4,36,"2023-05-31","2023-05-01",36
2023,"ACT","Major Cities of Australia","26-39","positive_breath_tests",0,5,31,"2023-04-30","2023-04-01",31
2023,"ACT","Major Cities of Australia","40-64","positive_breath_tests",0,0,13,"2023-08-31","2023-08-01",13
2023,"ACT","Major Cities of Australia","40-64","positive_breath_tests",0,0,15,"2023-07-31","2023-07-01",15
2023,"ACT","Major Cities of Australia","40-64","positive_breath_tests",0,1,12,"2023-11-30","2023-09-01",24
2023,"ACT","Major Cities of Australia","40-64","positive_breath_tests",0,1,21,"2023-12-31","2023-12-01",21
2023,"ACT","Major Cities of Australia","40-64","positive_breath_tests",0,2,11,"2023-06-30","2023-06-01",11
2023,"ACT","Major Cities of Australia","40-64","positive_breath_tests",0,2,17,"2023-10-31","2023-10-01",17
2023,"ACT","Major Cities of Australia","40-64","positive_breath_tests",0,2,20,"2023-01-31","2023-01-01",20
2023,"ACT","Major Cities of Australia","40-64","positive_breath_tests",0,2,23,"2023-03-31","2023-03-01",23
2023,"ACT","Major Cities of Australia","40-64","positive_breath_tests",0,2,28,"2023-02-28","2023-02-01",28
2023,"ACT","Major Cities of Australia","40-64","positive_breath_tests",0,3,25,"2023-05-31","2023-05-01",25
2023,"ACT","Major Cities of Australia","40-64","positive_breath_tests",0,3,28,"2023-04-30","2023-04-01",28
2023,"ACT","Major Cities of Australia","65 and over","positive_breath_tests",0,0,1,"2023-12-31","2023-01-01",5
2023,"ACT","Major Cities of Australia","65 and over","positive_breath_tests",0,0,2,"2023-11-30","2023-05-01",6
2023,"ACT","Major Cities of Australia","65 and over","positive_breath_tests",0,0,3,"2023-07-31","2023-07-01",3
2023,"ACT","Major Cities of Australia","Unknown","positive_breath_tests",0,1,1,"2023-11-30","2023-11-01",1
2023,"NSW","Inner Regional Australia","0-16","positive_breath_tests",0,0,1,"2023-09-30","2023-06-01",3
2023,"NSW","Inner Regional Australia","0-16","positive_breath_tests",0,0,2,"2023-11-30","2023-11-01",2
2023,"NSW","Inner Regional Australia","0-16","positive_breath_tests",1,0,1,"2023-07-31","2023-04-01",4
2023,"NSW","Inner Regional Australia","0-16","positive_breath_tests",2,0,1,"2023-10-31","2023-10-01",3
2023,"NSW","Inner Regional Australia","17-25","positive_breath_tests",23,0,62,"2023-10-31","2023-10-01",85
2023,"NSW","Inner Regional Australia","17-25","positive_breath_tests",24,0,46,"2023-08-31","2023-08-01",70
2023,"NSW","Inner Regional Australia","17-25","positive_breath_tests",26,0,58,"2023-02-28","2023-02-01",84
2023,"NSW","Inner Regional Australia","17-25","positive_breath_tests",27,0,61,"2023-11-30","2023-07-01",176
2023,"NSW","Inner Regional Australia","17-25","positive_breath_tests",30,0,48,"2023-05-31","2023-05-01",78
2023,"NSW","Inner Regional Australia","17-25","positive_breath_tests",32,0,62,"2023-03-31","2023-03-01",94
2023,"NSW","Inner Regional Australia","17-25","positive_breath_tests",34,0,66,"2023-12-31","2023-12-01",100
2023,"NSW","Inner Regional Australia","17-25","positive_breath_tests",34,0,68,"2023-04-30","2023-04-01",102
2023,"NSW","Inner Regional Australia","17-25","positive_breath_tests",38,0,66,"2023-06-30","2023-06-01",104
2023,"NSW","Inner Regional Australia","17-25","positive_breath_tests",45,0,82,"2023-09-30","2023-09-01",127
2023,"NSW","Inner Regional Australia","17-25","positive_breath_tests",48,0,84,"2023-01-31","2023-01-01",132
2023,"NSW","Inner Regional Australia","26-39","positive_breath_tests",31,0,97,"2023-09-30","2023-09-01",128
2023,"NSW","Inner Regional Australia","26-39","positive_breath_tests",34,0,95,"2023-08-31","2023-08-01",129
2023,"NSW","Inner Regional Australia","26-39","positive_breath_tests",34,0,109,"2023-02-28","2023-02-01",143
2023,"NSW","Inner Regional Australia","26-39","positive_breath_tests",36,0,92,"2023-11-30","2023-11-01",128
2023,"NSW","Inner Regional Australia","26-39","positive_breath_tests",40,0,113,"2023-01-31","2023-01-01",153
2023,"NSW","Inner Regional Australia","26-39","positive_breath_tests",41,0,99,"2023-10-31","2023-10-01",140
2023,"NSW","Inner Regional Australia","26-39","positive_breath_tests",42,0,98,"2023-07-31","2023-07-01",140
2023,"NSW","Inner Regional Australia","26-39","positive_breath_tests",42,0,106,"2023-06-30","2023-06-01",148
2023,"NSW","Inner Regional Australia","26-39","positive_breath_tests",43,0,104,"2023-12-31","2023-12-01",147
2023,"NSW","Inner Regional Australia","26-39","positive_breath_tests",45,0,99,"2023-05-31","2023-05-01",144
2023,"NSW","Inner Regional Australia","26-39","positive_breath_tests",47,0,94,"2023-03-31","2023-03-01",141
2023,"NSW","Inner Regional Australia","26-39","positive_breath_tests",49,0,117,"2023-04-30","2023-04-01",166
2023,"NSW","Inner Regional Australia","40-64","positive_breath_tests",33,0,94,"2023-07-31","2023-07-01",127
2023,"NSW","Inner Regional Australia","40-64","positive_breath_tests",34,0,93,"2023-10-31","2023-10-01",127
2023,"NSW","Inner Regional Australia","40-64","positive_breath_tests",36,0,89,"2023-11-30","2023-11-01",125
2023,"NSW","Inner Regional Australia","40-64","positive_breath_tests",37,0,99,"2023-05-31","2023-05-01",136
2023,"NSW","Inner Regional Australia","40-64","positive_breath_tests",41,0,98,"2023-03-31","2023-03-01",139
2023,"NSW","Inner Regional Australia","40-64","positive_breath_tests",42,0,102,"2023-06-30","2023-06-01",144
2023,"NSW","Inner Regional Australia","40-64","positive_breath_tests",46,0,74,"2023-08-31","2023-08-01",120
2023,"NSW","Inner Regional Australia","40-64","positive_breath_tests",46,0,132,"2023-01-31","2023-01-01",178
2023,"NSW","Inner Regional Australia","40-64","positive_breath_tests",50,0,93,"2023-09-30","2023-09-01",143
2023,"NSW","Inner Regional Australia","40-64","positive_breath_tests",50,0,95,"2023-02-28","2023-02-01",145
2023,"NSW","Inner Regional Australia","40-64","positive_breath_tests",50,0,113,"2023-04-30","2023-04-01",163
2023,"NSW","Inner Regional Australia","40-64","positive_breath_tests",54,0,102,"2023-12-31","2023-12-01",156
2023,"NSW","Inner Regional Australia","65 and over","positive_breath_tests",4,0,9,"2023-07-31","2023-07-01",13
2023,"NSW","Inner Regional Australia","65 and over","positive_breath_tests",4,0,10,"2023-10-31","2023-10-01",14
2023,"NSW","Inner Regional Australia","65 and over","positive_breath_tests",6,0,7,"2023-11-30","2023-11-01",13
2023,"NSW","Inner Regional Australia","65 and over","positive_breath_tests",6,0,13,"2023-12-31","2023-12-01",19
2023,"NSW","Inner Regional Australia","65 and over","positive_breath_tests",7,0,7,"2023-02-28","2023-02-01",14
2023,"NSW","Inner Regional Australia","65 and over","positive_breath_tests",7,0,8,"2023-09-30","2023-09-01",15
2023,"NSW","Inner Regional Australia","65 and over","positive_breath_tests",8,0,11,"2023-01-31","2023-01-01",19
2023,"NSW","Inner Regional Australia","65 and over","positive_breath_tests",8,0,12,"2023-04-30","2023-04-01",20
2023,"NSW","Inner Regional Australia","65 and over","positive_breath_tests",9,0,13,"2023-06-30","2023-06-01",22
2023,"NSW","Inner Regional Australia","65 and over","positive_breath_tests",10,0,7,"2023-03-31","2023-03-01",17
2023,"NSW","Inner Regional Australia","65 and over","positive_breath_tests",10,0,11,"2023-08-31","2023-08-01",21
2023,"NSW","Inner Regional Australia","65 and over","positive_breath_tests",12,0,8,"2023-05-31","2023-05-01",20
2023,"NSW","Major Cities of Australia","0-16","positive_breath_tests",0,0,1,"2023-12-31","2023-09-01",2
2023,"NSW","Major Cities of Australia","0-16","positive_breath_tests",1,0,0,"2023-03-31","2023-03-01",1
2023,"NSW","Major Cities of Australia","0-16","positive_breath_tests",1,0,1,"2023-02-28","2023-02-01",2
2023,"NSW","Major Cities of Australia","0-16","positive_breath_tests",1,0,3,"2023-04-30","2023-04-01",4
2023,"NSW","Major Cities of Australia","17-25","positive_breath_tests",23,0,82,"2023-11-30","2023-11-01",105
2023,"NSW","Major Cities of Australia","17-25","positive_breath_tests",30,0,75,"2023-08-31","2023-08-01",105
2023,"NSW","Major Cities of Australia","17-25","positive_breath_tests",31,0,95,"2023-10-31","2023-10-01",126
2023,"NSW","Major Cities of Australia","17-25","positive_breath_tests",33,0,100,"2023-02-28","2023-02-01",133
2023,"NSW","Major Cities of Australia","17-25","positive_breath_tests",36,0,96,"2023-03-31","2023-03-01",132
2023,"NSW","Major Cities of Australia","17-25","positive_breath_tests",37,0,106,"2023-05-31","2023-05-01",143
2023,"NSW","Major Cities of Australia","17-25","positive_breath_tests",43,0,106,"2023-12-31","2023-12-01",149
2023,"NSW","Major Cities of Australia","17-25","positive_breath_tests",45,0,88,"2023-07-31","2023-07-01",133
2023,"NSW","Major Cities of Australia","17-25","positive_breath_tests",51,0,136,"2023-04-30","2023-04-01",187
2023,"NSW","Major Cities of Australia","17-25","positive_breath_tests",52,0,106,"2023-09-30","2023-09-01",158
2023,"NSW","Major Cities of Australia","17-25","positive_breath_tests",57,0,110,"2023-01-31","2023-01-01",167
2023,"NSW","Major Cities of Australia","17-25","positive_breath_tests",62,0,130,"2023-06-30","2023-06-01",192
2023,"NSW","Major Cities of Australia","26-39","positive_breath_tests",44,0,144,"2023-11-30","2023-11-01",188
2023,"NSW","Major Cities of Australia","26-39","positive_breath_tests",44,0,167,"2023-08-31","2023-08-01",211
2023,"NSW","Major Cities of Australia","26-39","positive_breath_tests",49,0,187,"2023-05-31","2023-05-01",236
2023,"NSW","Major Cities of Australia","26-39","positive_breath_tests",50,0,141,"2023-02-28","2023-02-01",191
2023,"NSW","Major Cities of Australia","26-39","positive_breath_tests",50,0,157,"2023-10-31","2023-10-01",207
2023,"NSW","Major Cities of Australia","26-39","positive_breath_tests",50,0,164,"2023-07-31","2023-07-01",214
2023,"NSW","Major Cities of Australia","26-39","positive_breath_tests",54,0,164,"2023-03-31","2023-03-01",218
2023,"NSW","Major Cities of Australia","26-39","positive_breath_tests",62,0,164,"2023-09-30","2023-09-01",226
2023,"NSW","Major Cities of Australia","26-39","positive_breath_tests",63,0,200,"2023-04-30","2023-04-01",263
2023,"NSW","Major Cities of Australia","26-39","positive_breath_tests",68,0,191,"2023-01-31","2023-01-01",259
2023,"NSW","Major Cities of Australia","26-39","positive_breath_tests",82,0,167,"2023-12-31","2023-12-01",249
2023,"NSW","Major Cities of Australia","26-39","positive_breath_tests",90,0,211,"2023-06-30","2023-06-01",301
2023,"NSW","Major Cities of Australia","40-64","positive_breath_tests",46,0,133,"2023-11-30","2023-11-01",179
2023,"NSW","Major Cities of Australia","40-64","positive_breath_tests",54,0,141,"2023-05-31","2023-05-01",195
2023,"NSW","Major Cities of Australia","40-64","positive_breath_tests",55,0,149,"2023-07-31","2023-07-01",204
2023,"NSW","Major Cities of Australia","40-64","positive_breath_tests",57,0,128,"2023-02-28","2023-02-01",185
2023,"NSW","Major Cities of Australia","40-64","positive_breath_tests",65,0,154,"2023-09-30","2023-09-01",219
2023,"NSW","Major Cities of Australia","40-64","positive_breath_tests",65,0,156,"2023-08-31","2023-08-01",221
2023,"NSW","Major Cities of Australia","40-64","positive_breath_tests",67,0,145,"2023-10-31","2023-10-01",212
2023,"NSW","Major Cities of Australia","40-64","positive_breath_tests",69,0,169,"2023-03-31","2023-03-01",238
2023,"NSW","Major Cities of Australia","40-64","positive_breath_tests",84,0,172,"2023-12-31","2023-12-01",256
2023,"NSW","Major Cities of Australia","40-64","positive_breath_tests",90,0,171,"2023-01-31","2023-01-01",261
2023,"NSW","Major Cities of Australia","40-64","positive_breath_tests",90,0,199,"2023-04-30","2023-04-01",289
2023,"NSW","Major Cities of Australia","40-64","positive_breath_tests",106,0,220,"2023-06-30","2023-06-01",326
2023,"NSW","Major Cities of Australia","65 and over","positive_breath_tests",5,0,8,"2023-10-31","2023-10-01",13
2023,"NSW","Major Cities of Australia","65 and over","positive_breath_tests",5,0,25,"2023-09-30","2023-09-01",30
2023,"NSW","Major Cities of Australia","65 and over","positive_breath_tests",6,0,15,"2023-02-28","2023-02-01",21
2023,"NSW","Major Cities of Australia","65 and over","positive_breath_tests",7,0,10,"2023-08-31","2023-08-01",17
2023,"NSW","Major Cities of Australia","65 and over","positive_breath_tests",7,0,14,"2023-11-30","2023-11-01",21
2023,"NSW","Major Cities of Australia","65 and over","positive_breath_tests",8,0,16,"2023-03-31","2023-03-01",24
2023,"NSW","Major Cities of Australia","65 and over","positive_breath_tests",9,0,12,"2023-01-31","2023-01-01",21
2023,"NSW","Major Cities of Australia","65 and over","positive_breath_tests",11,0,13,"2023-07-31","2023-07-01",24
2023,"NSW","Major Cities of Australia","65 and over","positive_breath_tests",14,0,17,"2023-04-30","2023-04-01",31
2023,"NSW","Major Cities of Australia","65 and over","positive_breath_tests",15,0,6,"2023-05-31","2023-05-01",21
2023,"NSW","Major Cities of Australia","65 and over","positive_breath_tests",18,0,10,"2023-06-30","2023-06-01",28
2023,"NSW","Major Cities of Australia","65 and over","positive_breath_tests",18,0,15,"2023-12-31","2023-12-01",33
2023,"NSW","Major Cities of Australia","Unknown","positive_breath_tests",1,0,0,"2023-02-28","2023-02-01",1
2023,"NSW","Outer Regional Australia","0-16","positive_breath_tests",1,0,0,"2023-07-31","2023-07-01",1
2023,"NSW","Outer Regional Australia","0-16","positive_breath_tests",2,0,0,"2023-11-30","2023-11-01",2
2023,"NSW","Outer Regional Australia","17-25","positive_breath_tests",3,0,17,"2023-04-30","2023-04-01",20
2023,"NSW","Outer Regional Australia","17-25","positive_breath_tests",3,0,26,"2023-02-28","2023-02-01",29
2023,"NSW","Outer Regional Australia","17-25","positive_breath_tests",5,0,13,"2023-12-31","2023-12-01",18
2023,"NSW","Outer Regional Australia","17-25","positive_breath_tests",5,0,28,"2023-05-31","2023-05-01",33
2023,"NSW","Outer Regional Australia","17-25","positive_breath_tests",6,0,11,"2023-10-31","2023-10-01",17
2023,"NSW","Outer Regional Australia","17-25","positive_breath_tests",6,0,24,"2023-01-31","2023-01-01",30
2023,"NSW","Outer Regional Australia","17-25","positive_breath_tests",7,0,15,"2023-08-31","2023-08-01",22
2023,"NSW","Outer Regional Australia","17-25","positive_breath_tests",7,0,18,"2023-09-30","2023-09-01",25
2023,"NSW","Outer Regional Australia","17-25","positive_breath_tests",9,0,10,"2023-07-31","2023-07-01",19
2023,"NSW","Outer Regional Australia","17-25","positive_breath_tests",10,0,22,"2023-11-30","2023-11-01",32
2023,"NSW","Outer Regional Australia","17-25","positive_breath_tests",11,0,23,"2023-06-30","2023-06-01",34
2023,"NSW","Outer Regional Australia","17-25","positive_breath_tests",14,0,16,"2023-03-31","2023-03-01",30
2023,"NSW","Outer Regional Australia","26-39","positive_breath_tests",3,0,22,"2023-05-31","2023-05-01",25
2023,"NSW","Outer Regional Australia","26-39","positive_breath_tests",5,0,13,"2023-12-31","2023-12-01",18
2023,"NSW","Outer Regional Australia","26-39","positive_breath_tests",6,0,27,"2023-11-30","2023-11-01",33
2023,"NSW","Outer Regional Australia","26-39","positive_breath_tests",7,0,25,"2023-08-31","2023-04-01",64
2023,"NSW","Outer Regional Australia","26-39","positive_breath_tests",7,0,32,"2023-07-31","2023-07-01",39
2023,"NSW","Outer Regional Australia","26-39","positive_breath_tests",9,0,22,"2023-03-31","2023-03-01",31
2023,"NSW","Outer Regional Australia","26-39","positive_breath_tests",11,0,28,"2023-02-28","2023-02-01",39
2023,"NSW","Outer Regional Australia","26-39","positive_breath_tests",12,0,17,"2023-09-30","2023-09-01",29
2023,"NSW","Outer Regional Australia","26-39","positive_breath_tests",12,0,26,"2023-10-31","2023-10-01",38
2023,"NSW","Outer Regional Australia","26-39","positive_breath_tests",14,0,33,"2023-01-31","2023-01-01",47
2023,"NSW","Outer Regional Australia","26-39","positive_breath_tests",19,0,33,"2023-06-30","2023-06-01",52
2023,"NSW","Outer Regional Australia","40-64","positive_breath_tests",3,0,25,"2023-05-31","2023-05-01",28
2023,"NSW","Outer Regional Australia","40-64","positive_breath_tests",7,0,32,"2023-04-30","2023-04-01",39
2023,"NSW","Outer Regional Australia","40-64","positive_breath_tests",8,0,15,"2023-11-30","2023-11-01",23
2023,"NSW","Outer Regional Australia","40-64","positive_breath_tests",8,0,25,"2023-03-31","2023-03-01",33
2023,"NSW","Outer Regional Australia","40-64","positive_breath_tests",8,0,27,"2023-07-31","2023-07-01",35
2023,"NSW","Outer Regional Australia","40-64","positive_breath_tests",9,0,21,"2023-10-31","2023-10-01",30
2023,"NSW","Outer Regional Australia","40-64","positive_breath_tests",10,0,28,"2023-02-28","2023-02-01",38
2023,"NSW","Outer Regional Australia","40-64","positive_breath_tests",10,0,31,"2023-09-30","2023-09-01",41
2023,"NSW","Outer Regional Australia","40-64","positive_breath_tests",10,0,35,"2023-01-31","2023-01-01",45
2023,"NSW","Outer Regional Australia","40-64","positive_breath_tests",11,0,27,"2023-08-31","2023-08-01",38
2023,"NSW","Outer Regional Australia","40-64","positive_breath_tests",14,0,22,"2023-12-31","2023-12-01",36
2023,"NSW","Outer Regional Australia","40-64","positive_breath_tests",14,0,23,"2023-06-30","2023-06-01",37
2023,"NSW","Outer Regional Australia","65 and over","positive_breath_tests",0,0,3,"2023-03-31","2023-03-01",3
2023,"NSW","Outer Regional Australia","65 and over","positive_breath_tests",0,0,4,"2023-06-30","2023-06-01",4
2023,"NSW","Outer Regional Australia","65 and over","positive_breath_tests",1,0,1,"2023-12-31","2023-04-01",4
2023,"NSW","Outer Regional Australia","65 and over","positive_breath_tests",1,0,2,"2023-10-31","2023-10-01",3
2023,"NSW","Outer Regional Australia","65 and over","positive_breath_tests",1,0,4,"2023-07-31","2023-02-01",10
2023,"NSW","Outer Regional Australia","65 and over","positive_breath_tests",2,0,1,"2023-05-31","2023-05-01",3
2023,"NSW","Outer Regional Australia","65 and over","positive_breath_tests",2,0,3,"2023-11-30","2023-11-01",5
2023,"NSW","Outer Regional Australia","65 and over","positive_breath_tests",2,0,4,"2023-09-30","2023-09-01",6
2023,"NSW","Outer Regional Australia","65 and over","positive_breath_tests",2,0,5,"2023-08-31","2023-08-01",7
2023,"NSW","Outer Regional Australia","65 and over","positive_breath_tests",3,0,2,"2023-01-31","2023-01-01",5
2023,"NSW","Remote Australia","17-25","positive_breath_tests",0,0,1,"2023-01-31","2023-01-01",1
2023,"NSW","Remote Australia","17-25","positive_breath_tests",0,0,2,"2023-03-31","2023-03-01",2
2023,"NSW","Remote Australia","17-25","positive_breath_tests",0,0,3,"2023-11-30","2023-02-01",9
2023,"NSW","Remote Australia","17-25","positive_breath_tests",0,0,5,"2023-09-30","2023-09-01",5
2023,"NSW","Remote Australia","17-25","positive_breath_tests",1,0,0,"2023-05-31","2023-05-01",1
2023,"NSW","Remote Australia","17-25","positive_breath_tests",1,0,1,"2023-12-31","2023-12-01",2
2023,"NSW","Remote Australia","17-25","positive_breath_tests",2,0,4,"2023-07-31","2023-04-01",18
2023,"NSW","Remote Australia","17-25","positive_breath_tests",2,0,5,"2023-08-31","2023-08-01",7
2023,"NSW","Remote Australia","26-39","positive_breath_tests",0,0,1,"2023-05-31","2023-05-01",1
2023,"NSW","Remote Australia","26-39","positive_breath_tests",0,0,2,"2023-01-31","2023-01-01",2
2023,"NSW","Remote Australia","26-39","positive_breath_tests",0,0,3,"2023-07-31","2023-07-01",3
2023,"NSW","Remote Australia","26-39","positive_breath_tests",1,0,2,"2023-09-30","2023-09-01",3
2023,"NSW","Remote Australia","26-39","positive_breath_tests",1,0,4,"2023-12-31","2023-12-01",5
2023,"NSW","Remote Australia","26-39","positive_breath_tests",1,0,5,"2023-03-31","2023-03-01",6
2023,"NSW","Remote Australia","26-39","positive_breath_tests",2,0,2,"2023-04-30","2023-04-01",4
2023,"NSW","Remote Australia","26-39","positive_breath_tests",2,0,3,"2023-10-31","2023-10-01",5
2023,"NSW","Remote Australia","26-39","positive_breath_tests",2,0,5,"2023-02-28","2023-02-01",7
2023,"NSW","Remote Australia","26-39","positive_breath_tests",2,0,6,"2023-11-30","2023-11-01",8
2023,"NSW","Remote Australia","26-39","positive_breath_tests",3,0,3,"2023-08-31","2023-06-01",12
2023,"NSW","Remote Australia","40-64","positive_breath_tests",0,0,1,"2023-10-31","2023-10-01",1
2023,"NSW","Remote Australia","40-64","positive_breath_tests",0,0,2,"2023-12-31","2023-03-01",4
2023,"NSW","Remote Australia","40-64","positive_breath_tests",0,0,3,"2023-02-28","2023-02-01",3
2023,"NSW","Remote Australia","40-64","positive_breath_tests",0,0,4,"2023-05-31","2023-05-01",4
2023,"NSW","Remote Australia","40-64","positive_breath_tests",0,0,5,"2023-09-30","2023-09-01",5
2023,"NSW","Remote Australia","40-64","positive_breath_tests",1,0,3,"2023-07-31","2023-07-01",4
2023,"NSW","Remote Australia","40-64","positive_breath_tests",1,0,4,"2023-01-31","2023-01-01",5
2023,"NSW","Remote Australia","40-64","positive_breath_tests",2,0,0,"2023-11-30","2023-11-01",2
2023,"NSW","Remote Australia","40-64","positive_breath_tests",2,0,2,"2023-04-30","2023-04-01",4
2023,"NSW","Remote Australia","40-64","positive_breath_tests",2,0,4,"2023-08-31","2023-06-01",12
2023,"NSW","Remote Australia","65 and over","positive_breath_tests",0,0,1,"2023-08-31","2023-01-01",2
2023,"NSW","Remote Australia","65 and over","positive_breath_tests",1,0,1,"2023-04-30","2023-04-01",2
2023,"NSW","Unknown","0-16","positive_breath_tests",0,0,1,"2023-12-31","2023-12-01",1
2023,"NSW","Unknown","17-25","positive_breath_tests",0,0,1,"2023-10-31","2023-02-01",2
2023,"NSW","Unknown","17-25","positive_breath_tests",1,0,0,"2023-03-31","2023-03-01",1
2023,"NSW","Unknown","17-25","positive_breath_tests",15,0,36,"2023-12-31","2023-12-01",51
2023,"NSW","Unknown","26-39","positive_breath_tests",0,0,1,"2023-10-31","2023-10-01",1
2023,"NSW","Unknown","26-39","positive_breath_tests",0,0,2,"2023-09-30","2023-09-01",2
2023,"NSW","Unknown","26-39","positive_breath_tests",16,0,62,"2023-12-31","2023-12-01",78
2023,"NSW","Unknown","40-64","positive_breath_tests",0,0,1,"2023-06-30","2023-06-01",1
2023,"NSW","Unknown","40-64","positive_breath_tests",1,0,0,"2023-10-31","2023-01-01",2
2023,"NSW","Unknown","40-64","positive_breath_tests",22,0,60,"2023-12-31","2023-12-01",82
2023,"NSW","Unknown","65 and over","positive_breath_tests",1,0,6,"2023-12-31","2023-12-01",7
2023,"NSW","Very Remote Australia","17-25","positive_breath_tests",0,0,1,"2023-12-31","2023-04-01",3
2023,"NSW","Very Remote Australia","17-25","positive_breath_tests",1,0,0,"2023-10-31","2023-07-01",3
2023,"NSW","Very Remote Australia","26-39","positive_breath_tests",0,0,1,"2023-11-30","2023-02-01",5
2023,"NSW","Very Remote Australia","26-39","positive_breath_tests",0,0,2,"2023-09-30","2023-09-01",2
2023,"NSW","Very Remote Australia","26-39","positive_breath_tests",0,0,3,"2023-05-31","2023-05-01",3
2023,"NSW","Very Remote Australia","26-39","positive_breath_tests",0,0,4,"2023-01-31","2023-01-01",4
2023,"NSW","Very Remote Australia","26-39","positive_breath_tests",1,0,1,"2023-08-31","2023-08-01",2
2023,"NSW","Very Remote Australia","40-64","positive_breath_tests",0,0,1,"2023-05-31","2023-05-01",1
2023,"NSW","Very Remote Australia","40-64","positive_breath_tests",0,0,2,"2023-11-30","2023-10-01",4
2023,"NSW","Very Remote Australia","40-64","positive_breath_tests",0,0,3,"2023-07-31","2023-07-01",3
2023,"NSW","Very Remote Australia","40-64","positive_breath_tests",1,0,1,"2023-04-30","2023-04-01",2
2023,"NSW","Very Remote Australia","40-64","positive_breath_tests",1,0,3,"2023-08-31","2023-01-01",8
2023,"NSW","Very Remote Australia","65 and over","positive_breath_tests",0,0,1,"2023-09-30","2023-09-01",1
2023,"NT","Unknown","0-16","positive_breath_tests",0,0,1,"2023-12-31","2023-12-01",0
2023,"NT","Unknown","0-16","positive_breath_tests",0,0,2,"2023-06-30","2023-06-01",0
2023,"NT","Unknown","0-16","positive_breath_tests",0,1,1,"2023-07-31","2023-07-01",0
2023,"NT","Unknown","17-25","positive_breath_tests",0,4,13,"2023-11-30","2023-08-01",0
2023,"NT","Unknown","17-25","positive_breath_tests",0,4,18,"2023-09-30","2023-09-01",0
2023,"NT","Unknown","17-25","positive_breath_tests",0,7,17,"2023-05-31","2023-05-01",0
2023,"NT","Unknown","17-25","positive_breath_tests",0,8,21,"2023-02-28","2023-02-01",0
2023,"NT","Unknown","17-25","positive_breath_tests",0,8,36,"2023-12-31","2023-12-01",0
2023,"NT","Unknown","17-25","positive_breath_tests",0,9,23,"2023-07-31","2023-07-01",0
2023,"NT","Unknown","17-25","positive_breath_tests",0,9,25,"2023-04-30","2023-04-01",0
2023,"NT","Unknown","17-25","positive_breath_tests",0,10,23,"2023-06-30","2023-06-01",0
2023,"NT","Unknown","17-25","positive_breath_tests",0,11,24,"2023-10-31","2023-10-01",0
2023,"NT","Unknown","17-25","positive_breath_tests",0,11,25,"2023-03-31","2023-03-01",0
2023,"NT","Unknown","17-25","positive_breath_tests",0,13,32,"2023-01-31","2023-01-01",0
2023,"NT","Unknown","26-39","positive_breath_tests",0,10,29,"2023-05-31","2023-05-01",0
2023,"NT","Unknown","26-39","positive_breath_tests",0,12,31,"2023-11-30","2023-11-01",0
2023,"NT","Unknown","26-39","positive_breath_tests",0,14,40,"2023-10-31","2023-10-01",0
2023,"NT","Unknown","26-39","positive_breath_tests",0,15,34,"2023-06-30","2023-06-01",0
2023,"NT","Unknown","26-39","positive_breath_tests",0,15,36,"2023-09-30","2023-09-01",0
2023,"NT","Unknown","26-39","positive_breath_tests",0,16,32,"2023-02-28","2023-02-01",0
2023,"NT","Unknown","26-39","positive_breath_tests",0,16,36,"2023-04-30","2023-01-01",0
2023,"NT","Unknown","26-39","positive_breath_tests",0,17,39,"2023-08-31","2023-08-01",0
2023,"NT","Unknown","26-39","positive_breath_tests",0,19,49,"2023-03-31","2023-03-01",0
2023,"NT","Unknown","26-39","positive_breath_tests",0,22,62,"2023-12-31","2023-12-01",0
2023,"NT","Unknown","26-39","positive_breath_tests",0,23,48,"2023-07-31","2023-07-01",0
2023,"NT","Unknown","65 and over","positive_breath_tests",0,6,25,"2023-02-28","2023-02-01",0
2023,"NT","Unknown","65 and over","positive_breath_tests",0,6,32,"2023-06-30","2023-06-01",0
2023,"NT","Unknown","65 and over","positive_breath_tests",0,9,22,"2023-09-30","2023-09-01",0
2023,"NT","Unknown","65 and over","positive_breath_tests",0,11,32,"2023-07-31","2023-07-01",0
2023,"NT","Unknown","65 and over","positive_breath_tests",0,12,29,"2023-08-31","2023-08-01",0
2023,"NT","Unknown","65 and over","positive_breath_tests",0,12,38,"2023-03-31","2023-03-01",0
2023,"NT","Unknown","65 and over","positive_breath_tests",0,14,29,"2023-01-31","2023-01-01",0
2023,"NT","Unknown","65 and over","positive_breath_tests",0,15,34,"2023-11-30","2023-11-01",0
2023,"NT","Unknown","65 and over","positive_breath_tests",0,15,36,"2023-04-30","2023-04-01",0
2023,"NT","Unknown","65 and over","positive_breath_tests",0,16,35,"2023-05-31","2023-05-01",0
2023,"NT","Unknown","65 and over","positive_breath_tests",0,19,45,"2023-10-31","2023-10-01",0
2023,"NT","Unknown","65 and over","positive_breath_tests",0,20,52,"2023-12-31","2023-12-01",0
2023,"NT","Unknown","Unknown","positive_breath_tests",0,0,0,"2023-12-31","2023-01-01",7722
2023,"QLD","Unknown","All ages","positive_breath_tests",0,0,0,"2023-12-31","2023-01-01",15859
2023,"SA","Unknown","0-16","positive_breath_tests",0,0,0,"2023-12-31","2023-02-01",0
2023,"SA","Unknown","0-16","positive_breath_tests",0,0,1,"2023-03-31","2023-03-01",1
2023,"SA","Unknown","0-16","positive_breath_tests",0,1,0,"2023-09-30","2023-05-01",0
2023,"SA","Unknown","0-16","positive_breath_tests",2,0,1,"2023-01-31","2023-01-01",3
2023,"SA","Unknown","17-25","positive_breath_tests",12,1,46,"2023-09-30","2023-09-01",58
2023,"SA","Unknown","17-25","positive_breath_tests",14,0,32,"2023-07-31","2023-07-01",46
2023,"SA","Unknown","17-25","positive_breath_tests",17,3,29,"2023-05-31","2023-05-01",46
2023,"SA","Unknown","17-25","positive_breath_tests",17,3,42,"2023-10-31","2023-10-01",59
2023,"SA","Unknown","17-25","positive_breath_tests",23,6,49,"2023-01-31","2023-01-01",72
2023,"SA","Unknown","17-25","positive_breath_tests",25,1,34,"2023-08-31","2023-08-01",59
2023,"SA","Unknown","17-25","positive_breath_tests",25,3,41,"2023-06-30","2023-06-01",66
2023,"SA","Unknown","17-25","positive_breath_tests",26,6,35,"2023-02-28","2023-02-01",61
2023,"SA","Unknown","17-25","positive_breath_tests",26,6,39,"2023-12-31","2023-12-01",65
2023,"SA","Unknown","17-25","positive_breath_tests",28,5,33,"2023-04-30","2023-04-01",61
2023,"SA","Unknown","17-25","positive_breath_tests",30,2,37,"2023-11-30","2023-11-01",67
2023,"SA","Unknown","17-25","positive_breath_tests",32,2,47,"2023-03-31","2023-03-01",79
2023,"SA","Unknown","26-39","positive_breath_tests",26,7,85,"2023-06-30","2023-06-01",111
2023,"SA","Unknown","26-39","positive_breath_tests",26,8,96,"2023-10-31","2023-10-01",122
2023,"SA","Unknown","26-39","positive_breath_tests",33,5,78,"2023-05-31","2023-05-01",111
2023,"SA","Unknown","26-39","positive_breath_tests",34,7,78,"2023-07-31","2023-07-01",112
2023,"SA","Unknown","26-39","positive_breath_tests",36,11,95,"2023-02-28","2023-02-01",131
2023,"SA","Unknown","26-39","positive_breath_tests",36,12,84,"2023-03-31","2023-03-01",120
2023,"SA","Unknown","26-39","positive_breath_tests",40,6,116,"2023-08-31","2023-08-01",156
2023,"SA","Unknown","26-39","positive_breath_tests",41,13,100,"2023-01-31","2023-01-01",141
2023,"SA","Unknown","26-39","positive_breath_tests",43,7,85,"2023-09-30","2023-09-01",128
2023,"SA","Unknown","26-39","positive_breath_tests",46,12,109,"2023-04-30","2023-04-01",155
2023,"SA","Unknown","26-39","positive_breath_tests",53,6,98,"2023-11-30","2023-11-01",151
2023,"SA","Unknown","26-39","positive_breath_tests",53,13,102,"2023-12-31","2023-12-01",155
2023,"SA","Unknown","40-64","positive_breath_tests",23,11,90,"2023-07-31","2023-07-01",113
2023,"SA","Unknown","40-64","positive_breath_tests",32,7,96,"2023-05-31","2023-05-01",128
2023,"SA","Unknown","40-64","positive_breath_tests",41,10,89,"2023-04-30","2023-04-01",130
2023,"SA","Unknown","40-64","positive_breath_tests",42,6,129,"2023-08-31","2023-08-01",171
2023,"SA","Unknown","40-64","positive_breath_tests",43,7,82,"2023-06-30","2023-06-01",125
2023,"SA","Unknown","40-64","positive_breath_tests",44,10,99,"2023-02-28","2023-02-01",143
2023,"SA","Unknown","40-64","positive_breath_tests",46,9,82,"2023-01-31","2023-01-01",128
2023,"SA","Unknown","40-64","positive_breath_tests",48,7,101,"2023-10-31","2023-10-01",149
2023,"SA","Unknown","40-64","positive_breath_tests",50,10,94,"2023-09-30","2023-09-01",144
2023,"SA","Unknown","40-64","positive_breath_tests",55,7,113,"2023-12-31","2023-12-01",168
2023,"SA","Unknown","40-64","positive_breath_tests",55,8,111,"2023-11-30","2023-11-01",166
2023,"SA","Unknown","40-64","positive_breath_tests",63,7,89,"2023-03-31","2023-03-01",152
2023,"SA","Unknown","65 and over","positive_breath_tests",4,0,18,"2023-11-30","2023-11-01",22
2023,"SA","Unknown","65 and over","positive_breath_tests",5,1,13,"2023-06-30","2023-06-01",18
2023,"SA","Unknown","65 and over","positive_breath_tests",6,0,18,"2023-05-31","2023-05-01",24
2023,"SA","Unknown","65 and over","positive_breath_tests",7,0,13,"2023-07-31","2023-07-01",20
2023,"SA","Unknown","65 and over","positive_breath_tests",7,1,13,"2023-04-30","2023-04-01",20
2023,"SA","Unknown","65 and over","positive_breath_tests",8,0,12,"2023-01-31","2023-01-01",20
2023,"SA","Unknown","65 and over","positive_breath_tests",9,0,11,"2023-08-31","2023-08-01",20
2023,"SA","Unknown","65 and over","positive_breath_tests",9,0,13,"2023-02-28","2023-02-01",22
2023,"SA","Unknown","65 and over","positive_breath_tests",9,0,22,"2023-09-30","2023-09-01",31
2023,"SA","Unknown","65 and over","positive_breath_tests",11,0,14,"2023-10-31","2023-10-01",25
2023,"SA","Unknown","65 and over","positive_breath_tests",14,0,10,"2023-03-31","2023-03-01",24
2023,"SA","Unknown","65 and over","positive_breath_tests",15,2,19,"2023-12-31","2023-12-01",34
2023,"SA","Unknown","Unknown","positive_breath_tests",0,0,0,"2023-12-31","2023-01-01",0
2023,"VIC","Inner Regional Australia","0-16","positive_breath_tests",0,0,0,"2023-09-30","2023-05-01",2
2023,"VIC","Inner Regional Australia","17-25","positive_breath_tests",0,0,0,"2023-12-31","2023-01-01",379
2023,"VIC","Inner Regional Australia","26-39","positive_breath_tests",0,0,0,"2023-12-31","2023-01-01",826
2023,"VIC","Inner Regional Australia","40-64","positive_breath_tests",0,0,0,"2023-12-31","2023-01-01",901
2023,"VIC","Inner Regional Australia","65 and over","positive_breath_tests",0,0,0,"2023-12-31","2023-01-01",130
2023,"VIC","Inner Regional Australia","Unknown","positive_breath_tests",0,0,0,"2023-05-31","2023-05-01",1
2023,"VIC","Major Cities of Australia","0-16","positive_breath_tests",0,0,0,"2023-07-31","2023-07-01",1
2023,"VIC","Major Cities of Australia","17-25","positive_breath_tests",0,0,0,"2023-12-31","2023-01-01",952
2023,"VIC","Major Cities of Australia","26-39","positive_breath_tests",0,0,0,"2023-12-31","2023-01-01",2173
2023,"VIC","Major Cities of Australia","40-64","positive_breath_tests",0,0,0,"2023-12-31","2023-01-01",2068
2023,"VIC","Major Cities of Australia","65 and over","positive_breath_tests",0,0,0,"2023-12-31","2023-01-01",269
2023,"VIC","Major Cities of Australia","Unknown","positive_breath_tests",0,0,0,"2023-12-31","2023-12-01",1
2023,"VIC","Outer Regional Australia","17-25","positive_breath_tests",0,0,0,"2023-12-31","2023-01-01",85
2023,"VIC","Outer Regional Australia","26-39","positive_breath_tests",0,0,0,"2023-12-31","2023-01-01",199
2023,"VIC","Outer Regional Australia","40-64","positive_breath_tests",0,0,0,"2023-12-31","2023-01-01",236
2023,"VIC","Outer Regional Australia","65 and over","positive_breath_tests",0,0,0,"2023-12-31","2023-01-01",29
2023,"VIC","Remote Australia","17-25","positive_breath_tests",0,0,0,"2023-06-30","2023-06-01",1
2023,"VIC","Remote Australia","26-39","positive_breath_tests",0,0,0,"2023-09-30","2023-09-01",1
2023,"VIC","Remote Australia","40-64","positive_breath_tests",0,0,0,"2023-11-30","2023-03-01",2
2023,"VIC","Unknown","40-64","positive_breath_tests",0,0,0,"2023-02-28","2023-02-01",1
2023,"WA","Unknown","0-16","positive_breath_tests",0,0,1,"2023-12-31","2023-01-01",6
2023,"WA","Unknown","0-16","positive_breath_tests",0,0,2,"2023-10-31","2023-10-01",2
2023,"WA","Unknown","0-16","positive_breath_tests",0,0,3,"2023-07-31","2023-07-01",3
2023,"WA","Unknown","0-16","positive_breath_tests",0,0,4,"2023-09-30","2023-09-01",4
2023,"WA","Unknown","0-16","positive_breath_tests",0,1,2,"2023-11-30","2023-11-01",2
2023,"WA","Unknown","0-16","positive_breath_tests",0,1,6,"2023-06-30","2023-06-01",6
2023,"WA","Unknown","17-25","positive_breath_tests",20,0,111,"2023-12-31","2023-12-01",131
2023,"WA","Unknown","17-25","positive_breath_tests",21,3,123,"2023-07-31","2023-07-01",144
2023,"WA","Unknown","17-25","positive_breath_tests",28,5,127,"2023-02-28","2023-02-01",155
2023,"WA","Unknown","17-25","positive_breath_tests",30,6,134,"2023-04-30","2023-04-01",164
2023,"WA","Unknown","17-25","positive_breath_tests",32,5,120,"2023-03-31","2023-03-01",152
2023,"WA","Unknown","17-25","positive_breath_tests",33,4,140,"2023-06-30","2023-06-01",173
2023,"WA","Unknown","17-25","positive_breath_tests",34,2,124,"2023-08-31","2023-08-01",158
2023,"WA","Unknown","17-25","positive_breath_tests",37,3,131,"2023-10-31","2023-10-01",168
2023,"WA","Unknown","17-25","positive_breath_tests",37,4,120,"2023-05-31","2023-05-01",157
2023,"WA","Unknown","17-25","positive_breath_tests",43,3,156,"2023-09-30","2023-09-01",199
2023,"WA","Unknown","17-25","positive_breath_tests",45,4,155,"2023-01-31","2023-01-01",200
2023,"WA","Unknown","17-25","positive_breath_tests",64,4,125,"2023-11-30","2023-11-01",189
2023,"WA","Unknown","26-39","positive_breath_tests",40,8,176,"2023-07-31","2023-07-01",216
2023,"WA","Unknown","26-39","positive_breath_tests",55,5,196,"2023-02-28","2023-02-01",251
2023,"WA","Unknown","26-39","positive_breath_tests",59,7,208,"2023-06-30","2023-06-01",267
2023,"WA","Unknown","26-39","positive_breath_tests",60,9,243,"2023-12-31","2023-12-01",303
2023,"WA","Unknown","26-39","positive_breath_tests",61,5,192,"2023-04-30","2023-04-01",253
2023,"WA","Unknown","26-39","positive_breath_tests",63,6,191,"2023-09-30","2023-09-01",254
2023,"WA","Unknown","26-39","positive_breath_tests",69,11,231,"2023-10-31","2023-10-01",300
2023,"WA","Unknown","26-39","positive_breath_tests",70,5,194,"2023-03-31","2023-03-01",264
2023,"WA","Unknown","26-39","positive_breath_tests",70,6,194,"2023-08-31","2023-08-01",264
2023,"WA","Unknown","26-39","positive_breath_tests",77,4,203,"2023-05-31","2023-05-01",280
2023,"WA","Unknown","26-39","positive_breath_tests",91,3,237,"2023-01-31","2023-01-01",328
2023,"WA","Unknown","26-39","positive_breath_tests",98,3,205,"2023-11-30","2023-11-01",303
2023,"WA","Unknown","40-64","positive_breath_tests",40,2,130,"2023-07-31","2023-07-01",170
2023,"WA","Unknown","40-64","positive_breath_tests",50,3,146,"2023-04-30","2023-04-01",196
2023,"WA","Unknown","40-64","positive_breath_tests",55,3,154,"2023-06-30","2023-06-01",209
2023,"WA","Unknown","40-64","positive_breath_tests",56,7,186,"2023-12-31","2023-12-01",242
2023,"WA","Unknown","40-64","positive_breath_tests",57,2,163,"2023-03-31","2023-03-01",220
2023,"WA","Unknown","40-64","positive_breath_tests",58,3,150,"2023-08-31","2023-08-01",208
2023,"WA","Unknown","40-64","positive_breath_tests",67,2,171,"2023-10-31","2023-10-01",238
2023,"WA","Unknown","40-64","positive_breath_tests",74,5,175,"2023-01-31","2023-01-01",249
2023,"WA","Unknown","40-64","positive_breath_tests",76,1,164,"2023-02-28","2023-02-01",240
2023,"WA","Unknown","40-64","positive_breath_tests",76,4,140,"2023-05-31","2023-05-01",216
2023,"WA","Unknown","40-64","positive_breath_tests",78,1,143,"2023-11-30","2023-11-01",221
2023,"WA","Unknown","40-64","positive_breath_tests",80,3,171,"2023-09-30","2023-09-01",251
2023,"WA","Unknown","65 and over","positive_breath_tests",7,0,12,"2023-06-30","2023-06-01",19
2023,"WA","Unknown","65 and over","positive_breath_tests",8,0,14,"2023-07-31","2023-07-01",22
2023,"WA","Unknown","65 and over","positive_breath_tests",8,1,20,"2023-11-30","2023-11-01",28
2023,"WA","Unknown","65 and over","positive_breath_tests",10,0,14,"2023-08-31","2023-08-01",24
2023,"WA","Unknown","65 and over","positive_breath_tests",10,0,25,"2023-12-31","2023-12-01",35
2023,"WA","Unknown","65 and over","positive_breath_tests",11,0,17,"2023-09-30","2023-09-01",28
2023,"WA","Unknown","65 and over","positive_breath_tests",11,0,19,"2023-10-31","2023-10-01",30
2023,"WA","Unknown","65 and over","positive_breath_tests",12,1,14,"2023-04-30","2023-04-01",26
2023,"WA","Unknown","65 and over","positive_breath_tests",13,0,12,"2023-05-31","2023-05-01",25
2023,"WA","Unknown","65 and over","positive_breath_tests",16,0,17,"2023-01-31","2023-01-01",33
2023,"WA","Unknown","65 and over","positive_breath_tests",20,0,12,"2023-03-31","2023-03-01",32
2023,"WA","Unknown","65 and over","positive_breath_tests",20,0,20,"2023-02-28","2023-02-01",40
2023,"WA","Unknown","Unknown","positive_breath_tests",0,0,1,"2023-03-31","2023-03-01",1
2024,"ACT","Major Cities of Australia","17-25","positive_breath_tests",0,0,9,"2024-03-31","2024-03-01",9
2024,"ACT","Major Cities of Australia","17-25","positive_breath_tests",0,0,10,"2024-09-30","2024-09-01",10
2024,"ACT","Major Cities of Australia","17-25","positive_breath_tests",0,0,14,"2024-02-29","2024-02-01",14
2024,"ACT","Major Cities of Australia","17-25","positive_breath_tests",0,0,19,"2024-06-30","2024-06-01",19
2024,"ACT","Major Cities of Australia","17-25","positive_breath_tests",0,1,11,"2024-10-31","2024-08-01",22
2024,"ACT","Major Cities of Australia","17-25","positive_breath_tests",0,1,12,"2024-07-31","2024-04-01",24
2024,"ACT","Major Cities of Australia","17-25","positive_breath_tests",0,1,17,"2024-12-31","2024-12-01",17
2024,"ACT","Major Cities of Australia","17-25","positive_breath_tests",0,1,18,"2024-01-31","2024-01-01",18
2024,"ACT","Major Cities of Australia","17-25","positive_breath_tests",0,2,12,"2024-05-31","2024-05-01",12
2024,"ACT","Major Cities of Australia","17-25","positive_breath_tests",0,3,20,"2024-11-30","2024-11-01",20
2024,"ACT","Major Cities of Australia","26-39","positive_breath_tests",0,0,13,"2024-03-31","2024-03-01",13
2024,"ACT","Major Cities of Australia","26-39","positive_breath_tests",0,0,24,"2024-06-30","2024-06-01",24
2024,"ACT","Major Cities of Australia","26-39","positive_breath_tests",0,1,19,"2024-02-29","2024-02-01",19
2024,"ACT","Major Cities of Australia","26-39","positive_breath_tests",0,1,20,"2024-04-30","2024-04-01",20
2024,"ACT","Major Cities of Australia","26-39","positive_breath_tests",0,2,15,"2024-07-31","2024-07-01",15
2024,"ACT","Major Cities of Australia","26-39","positive_breath_tests",0,2,21,"2024-09-30","2024-09-01",21
2024,"ACT","Major Cities of Australia","26-39","positive_breath_tests",0,3,19,"2024-08-31","2024-08-01",19
2024,"ACT","Major Cities of Australia","26-39","positive_breath_tests",0,3,22,"2024-10-31","2024-01-01",44
2024,"ACT","Major Cities of Australia","26-39","positive_breath_tests",0,3,23,"2024-11-30","2024-11-01",23
2024,"ACT","Major Cities of Australia","26-39","positive_breath_tests",0,4,34,"2024-12-31","2024-12-01",34
2024,"ACT","Major Cities of Australia","26-39","positive_breath_tests",0,5,34,"2024-05-31","2024-05-01",34
2024,"ACT","Major Cities of Australia","40-64","positive_breath_tests",0,0,7,"2024-07-31","2024-07-01",7
2024,"ACT","Major Cities of Australia","40-64","positive_breath_tests",0,0,13,"2024-10-31","2024-10-01",13
2024,"ACT","Major Cities of Australia","40-64","positive_breath_tests",0,1,12,"2024-02-29","2024-02-01",12
2024,"ACT","Major Cities of Australia","40-64","positive_breath_tests",0,1,14,"2024-05-31","2024-05-01",14
2024,"ACT","Major Cities of Australia","40-64","positive_breath_tests",0,1,15,"2024-09-30","2024-09-01",15
2024,"ACT","Major Cities of Australia","40-64","positive_breath_tests",0,1,16,"2024-04-30","2024-04-01",16
2024,"ACT","Major Cities of Australia","40-64","positive_breath_tests",0,1,17,"2024-06-30","2024-06-01",17
2024,"ACT","Major Cities of Australia","40-64","positive_breath_tests",0,1,18,"2024-11-30","2024-11-01",18
2024,"ACT","Major Cities of Australia","40-64","positive_breath_tests",0,1,27,"2024-12-31","2024-12-01",27
2024,"ACT","Major Cities of Australia","40-64","positive_breath_tests",0,2,7,"2024-08-31","2024-08-01",7
2024,"ACT","Major Cities of Australia","40-64","positive_breath_tests",0,3,24,"2024-03-31","2024-03-01",24
2024,"ACT","Major Cities of Australia","40-64","positive_breath_tests",0,4,24,"2024-01-31","2024-01-01",24
2024,"ACT","Major Cities of Australia","65 and over","positive_breath_tests",0,0,1,"2024-11-30","2024-05-01",4
2024,"ACT","Major Cities of Australia","65 and over","positive_breath_tests",0,0,2,"2024-10-31","2024-01-01",6
2024,"ACT","Major Cities of Australia","65 and over","positive_breath_tests",0,0,4,"2024-12-31","2024-12-01",4
2024,"ACT","Major Cities of Australia","65 and over","positive_breath_tests",0,1,5,"2024-04-30","2024-04-01",5
2024,"NSW","Inner Regional Australia","0-16","positive_breath_tests",0,0,1,"2024-08-31","2024-03-01",2
2024,"NSW","Inner Regional Australia","0-16","positive_breath_tests",0,0,2,"2024-10-31","2024-10-01",2
2024,"NSW","Inner Regional Australia","0-16","positive_breath_tests",1,0,1,"2024-06-30","2024-06-01",2
2024,"NSW","Inner Regional Australia","17-25","positive_breath_tests",15,0,56,"2024-07-31","2024-07-01",71
2024,"NSW","Inner Regional Australia","17-25","positive_breath_tests",22,0,59,"2024-11-30","2024-11-01",81
2024,"NSW","Inner Regional Australia","17-25","positive_breath_tests",24,0,46,"2024-04-30","2024-04-01",70
2024,"NSW","Inner Regional Australia","17-25","positive_breath_tests",24,0,54,"2024-05-31","2024-05-01",78
2024,"NSW","Inner Regional Australia","17-25","positive_breath_tests",28,0,79,"2024-09-30","2024-09-01",107
2024,"NSW","Inner Regional Australia","17-25","positive_breath_tests",29,0,47,"2024-06-30","2024-06-01",76
2024,"NSW","Inner Regional Australia","17-25","positive_breath_tests",29,0,64,"2024-08-31","2024-08-01",93
2024,"NSW","Inner Regional Australia","17-25","positive_breath_tests",31,0,47,"2024-10-31","2024-10-01",78
2024,"NSW","Inner Regional Australia","17-25","positive_breath_tests",31,0,64,"2024-01-31","2024-01-01",95
2024,"NSW","Inner Regional Australia","17-25","positive_breath_tests",32,0,66,"2024-12-31","2024-12-01",98
2024,"NSW","Inner Regional Australia","17-25","positive_breath_tests",35,0,43,"2024-02-29","2024-02-01",78
2024,"NSW","Inner Regional Australia","17-25","positive_breath_tests",36,0,60,"2024-03-31","2024-03-01",96
2024,"NSW","Inner Regional Australia","26-39","positive_breath_tests",24,0,98,"2024-02-29","2024-02-01",122
2024,"NSW","Inner Regional Australia","26-39","positive_breath_tests",26,0,103,"2024-12-31","2024-12-01",129
2024,"NSW","Inner Regional Australia","26-39","positive_breath_tests",28,0,89,"2024-05-31","2024-05-01",117
2024,"NSW","Inner Regional Australia","26-39","positive_breath_tests",31,0,97,"2024-08-31","2024-08-01",128
2024,"NSW","Inner Regional Australia","26-39","positive_breath_tests",32,0,83,"2024-07-31","2024-07-01",115
2024,"NSW","Inner Regional Australia","26-39","positive_breath_tests",34,0,81,"2024-04-30","2024-04-01",115
2024,"NSW","Inner Regional Australia","26-39","positive_breath_tests",34,0,101,"2024-10-31","2024-10-01",135
2024,"NSW","Inner Regional Australia","26-39","positive_breath_tests",36,0,100,"2024-11-30","2024-11-01",136
2024,"NSW","Inner Regional Australia","26-39","positive_breath_tests",36,0,107,"2024-01-31","2024-01-01",143
2024,"NSW","Inner Regional Australia","26-39","positive_breath_tests",37,0,110,"2024-06-30","2024-06-01",147
2024,"NSW","Inner Regional Australia","26-39","positive_breath_tests",38,0,90,"2024-03-31","2024-03-01",128
2024,"NSW","Inner Regional Australia","26-39","positive_breath_tests",41,0,118,"2024-09-30","2024-09-01",159
2024,"NSW","Inner Regional Australia","40-64","positive_breath_tests",27,0,84,"2024-07-31","2024-07-01",111
2024,"NSW","Inner Regional Australia","40-64","positive_breath_tests",29,0,77,"2024-05-31","2024-05-01",106
2024,"NSW","Inner Regional Australia","40-64","positive_breath_tests",33,0,84,"2024-01-31","2024-01-01",117
2024,"NSW","Inner Regional Australia","40-64","positive_breath_tests",34,0,97,"2024-08-31","2024-08-01",131
2024,"NSW","Inner Regional Australia","40-64","positive_breath_tests",34,0,109,"2024-11-30","2024-11-01",143
2024,"NSW","Inner Regional Australia","40-64","positive_breath_tests",38,0,78,"2024-10-31","2024-10-01",116
2024,"NSW","Inner Regional Australia","40-64","positive_breath_tests",38,0,82,"2024-03-31","2024-03-01",120
2024,"NSW","Inner Regional Australia","40-64","positive_breath_tests",39,0,67,"2024-09-30","2024-09-01",106
2024,"NSW","Inner Regional Australia","40-64","positive_breath_tests",43,0,91,"2024-04-30","2024-04-01",134
2024,"NSW","Inner Regional Australia","40-64","positive_breath_tests",49,0,92,"2024-12-31","2024-12-01",141
2024,"NSW","Inner Regional Australia","40-64","positive_breath_tests",50,0,102,"2024-06-30","2024-06-01",152
2024,"NSW","Inner Regional Australia","40-64","positive_breath_tests",52,0,73,"2024-02-29","2024-02-01",125
2024,"NSW","Inner Regional Australia","65 and over","positive_breath_tests",1,0,18,"2024-08-31","2024-08-01",19
2024,"NSW","Inner Regional Australia","65 and over","positive_breath_tests",3,0,8,"2024-02-29","2024-02-01",11
2024,"NSW","Inner Regional Australia","65 and over","positive_breath_tests",4,0,7,"2024-11-30","2024-11-01",11
2024,"NSW","Inner Regional Australia","65 and over","positive_breath_tests",4,0,9,"2024-03-31","2024-03-01",13
2024,"NSW","Inner Regional Australia","65 and over","positive_breath_tests",6,0,8,"2024-07-31","2024-07-01",14
2024,"NSW","Inner Regional Australia","65 and over","positive_breath_tests",6,0,9,"2024-10-31","2024-01-01",30
2024,"NSW","Inner Regional Australia","65 and over","positive_breath_tests",7,0,8,"2024-05-31","2024-05-01",15
2024,"NSW","Inner Regional Australia","65 and over","positive_breath_tests",8,0,14,"2024-06-30","2024-06-01",22
2024,"NSW","Inner Regional Australia","65 and over","positive_breath_tests",9,0,6,"2024-04-30","2024-04-01",15
2024,"NSW","Inner Regional Australia","65 and over","positive_breath_tests",9,0,12,"2024-09-30","2024-09-01",21
2024,"NSW","Inner Regional Australia","65 and over","positive_breath_tests",11,0,10,"2024-12-31","2024-12-01",21
2024,"NSW","Major Cities of Australia","0-16","positive_breath_tests",0,0,1,"2024-12-31","2024-02-01",4
2024,"NSW","Major Cities of Australia","0-16","positive_breath_tests",0,0,2,"2024-09-30","2024-05-01",4
2024,"NSW","Major Cities of Australia","0-16","positive_breath_tests",1,0,1,"2024-06-30","2024-04-01",4
2024,"NSW","Major Cities of Australia","17-25","positive_breath_tests",16,0,66,"2024-05-31","2024-05-01",82
2024,"NSW","Major Cities of Australia","17-25","positive_breath_tests",26,0,70,"2024-07-31","2024-07-01",96
2024,"NSW","Major Cities of Australia","17-25","positive_breath_tests",32,0,101,"2024-10-31","2024-10-01",133
2024,"NSW","Major Cities of Australia","17-25","positive_breath_tests",34,0,95,"2024-04-30","2024-04-01",129
2024,"NSW","Major Cities of Australia","17-25","positive_breath_tests",35,0,106,"2024-03-31","2024-03-01",141
2024,"NSW","Major Cities of Australia","17-25","positive_breath_tests",38,0,96,"2024-08-31","2024-08-01",134
2024,"NSW","Major Cities of Australia","17-25","positive_breath_tests",39,0,91,"2024-01-31","2024-01-01",130
2024,"NSW","Major Cities of Australia","17-25","positive_breath_tests",41,0,80,"2024-02-29","2024-02-01",121
2024,"NSW","Major Cities of Australia","17-25","positive_breath_tests",43,0,111,"2024-06-30","2024-06-01",154
2024,"NSW","Major Cities of Australia","17-25","positive_breath_tests",46,0,92,"2024-11-30","2024-11-01",138
2024,"NSW","Major Cities of Australia","17-25","positive_breath_tests",48,0,98,"2024-09-30","2024-09-01",146
2024,"NSW","Major Cities of Australia","17-25","positive_breath_tests",50,0,131,"2024-12-31","2024-12-01",181
2024,"NSW","Major Cities of Australia","26-39","positive_breath_tests",29,0,154,"2024-07-31","2024-07-01",183
2024,"NSW","Major Cities of Australia","26-39","positive_breath_tests",40,0,130,"2024-05-31","2024-05-01",170
2024,"NSW","Major Cities of Australia","26-39","positive_breath_tests",40,0,169,"2024-08-31","2024-08-01",209
2024,"NSW","Major Cities of Australia","26-39","positive_breath_tests",44,0,149,"2024-11-30","2024-11-01",193
2024,"NSW","Major Cities of Australia","26-39","positive_breath_tests",49,0,166,"2024-04-30","2024-04-01",215
2024,"NSW","Major Cities of Australia","26-39","positive_breath_tests",55,0,137,"2024-02-29","2024-02-01",192
2024,"NSW","Major Cities of Australia","26-39","positive_breath_tests",56,0,156,"2024-10-31","2024-10-01",212
2024,"NSW","Major Cities of Australia","26-39","positive_breath_tests",56,0,193,"2024-03-31","2024-03-01",249
2024,"NSW","Major Cities of Australia","26-39","positive_breath_tests",64,0,165,"2024-01-31","2024-01-01",229
2024,"NSW","Major Cities of Australia","26-39","positive_breath_tests",71,0,173,"2024-06-30","2024-06-01",244
2024,"NSW","Major Cities of Australia","26-39","positive_breath_tests",76,0,195,"2024-12-31","2024-12-01",271
2024,"NSW","Major Cities of Australia","26-39","positive_breath_tests",80,0,174,"2024-09-30","2024-09-01",254
2024,"NSW","Major Cities of Australia","40-64","positive_breath_tests",30,0,127,"2024-07-31","2024-07-01",157
2024,"NSW","Major Cities of Australia","40-64","positive_breath_tests",40,0,133,"2024-05-31","2024-05-01",173
2024,"NSW","Major Cities of Australia","40-64","positive_breath_tests",46,0,134,"2024-10-31","2024-10-01",180
2024,"NSW","Major Cities of Australia","40-64","positive_breath_tests",52,0,124,"2024-04-30","2024-04-01",176
2024,"NSW","Major Cities of Australia","40-64","positive_breath_tests",52,0,172,"2024-08-31","2024-08-01",224
2024,"NSW","Major Cities of Australia","40-64","positive_breath_tests",56,0,140,"2024-02-29","2024-02-01",196
2024,"NSW","Major Cities of Australia","40-64","positive_breath_tests",58,0,170,"2024-09-30","2024-09-01",228
2024,"NSW","Major Cities of Australia","40-64","positive_breath_tests",61,0,154,"2024-11-30","2024-11-01",215
2024,"NSW","Major Cities of Australia","40-64","positive_breath_tests",63,0,137,"2024-03-31","2024-03-01",200
2024,"NSW","Major Cities of Australia","40-64","positive_breath_tests",64,0,175,"2024-06-30","2024-06-01",239
2024,"NSW","Major Cities of Australia","40-64","positive_breath_tests",73,0,155,"2024-01-31","2024-01-01",228
2024,"NSW","Major Cities of Australia","40-64","positive_breath_tests",98,0,180,"2024-12-31","2024-12-01",278
2024,"NSW","Major Cities of Australia","65 and over","positive_breath_tests",4,0,17,"2024-11-30","2024-11-01",21
2024,"NSW","Major Cities of Australia","65 and over","positive_breath_tests",4,0,21,"2024-05-31","2024-05-01",25
2024,"NSW","Major Cities of Australia","65 and over","positive_breath_tests",5,0,13,"2024-06-30","2024-06-01",18
2024,"NSW","Major Cities of Australia","65 and over","positive_breath_tests",6,0,19,"2024-04-30","2024-04-01",25
2024,"NSW","Major Cities of Australia","65 and over","positive_breath_tests",7,0,14,"2024-08-31","2024-08-01",21
2024,"NSW","Major Cities of Australia","65 and over","positive_breath_tests",8,0,12,"2024-09-30","2024-09-01",20
2024,"NSW","Major Cities of Australia","65 and over","positive_breath_tests",9,0,16,"2024-01-31","2024-01-01",25
2024,"NSW","Major Cities of Australia","65 and over","positive_breath_tests",9,0,18,"2024-02-29","2024-02-01",27
2024,"NSW","Major Cities of Australia","65 and over","positive_breath_tests",9,0,22,"2024-10-31","2024-10-01",31
2024,"NSW","Major Cities of Australia","65 and over","positive_breath_tests",11,0,14,"2024-03-31","2024-03-01",25
2024,"NSW","Major Cities of Australia","65 and over","positive_breath_tests",12,0,14,"2024-07-31","2024-07-01",26
2024,"NSW","Major Cities of Australia","65 and over","positive_breath_tests",20,0,14,"2024-12-31","2024-12-01",34
2024,"NSW","Outer Regional Australia","0-16","positive_breath_tests",0,0,1,"2024-02-29","2024-02-01",1
2024,"NSW","Outer Regional Australia","0-16","positive_breath_tests",1,0,0,"2024-12-31","2024-12-01",1
2024,"NSW","Outer Regional Australia","17-25","positive_breath_tests",4,0,13,"2024-09-30","2024-09-01",17
2024,"NSW","Outer Regional Australia","17-25","positive_breath_tests",4,0,16,"2024-12-31","2024-12-01",20
2024,"NSW","Outer Regional Australia","17-25","positive_breath_tests",4,0,18,"2024-02-29","2024-02-01",22
2024,"NSW","Outer Regional Australia","17-25","positive_breath_tests",5,0,20,"2024-08-31","2024-08-01",25
2024,"NSW","Outer Regional Australia","17-25","positive_breath_tests",5,0,22,"2024-04-30","2024-04-01",27
2024,"NSW","Outer Regional Australia","17-25","positive_breath_tests",6,0,11,"2024-10-31","2024-10-01",17
2024,"NSW","Outer Regional Australia","17-25","positive_breath_tests",6,0,14,"2024-07-31","2024-07-01",20
2024,"NSW","Outer Regional Australia","17-25","positive_breath_tests",8,0,22,"2024-11-30","2024-11-01",30
2024,"NSW","Outer Regional Australia","17-25","positive_breath_tests",9,0,17,"2024-03-31","2024-03-01",26
2024,"NSW","Outer Regional Australia","17-25","positive_breath_tests",10,0,20,"2024-06-30","2024-06-01",30
2024,"NSW","Outer Regional Australia","17-25","positive_breath_tests",11,0,14,"2024-01-31","2024-01-01",25
2024,"NSW","Outer Regional Australia","17-25","positive_breath_tests",11,0,22,"2024-05-31","2024-05-01",33
2024,"NSW","Outer Regional Australia","26-39","positive_breath_tests",5,0,28,"2024-07-31","2024-07-01",33
2024,"NSW","Outer Regional Australia","26-39","positive_breath_tests",6,0,18,"2024-04-30","2024-04-01",24
2024,"NSW","Outer Regional Australia","26-39","positive_breath_tests",6,0,25,"2024-02-29","2024-02-01",31
2024,"NSW","Outer Regional Australia","26-39","positive_breath_tests",7,0,21,"2024-10-31","2024-10-01",28
2024,"NSW","Outer Regional Australia","26-39","positive_breath_tests",7,0,30,"2024-11-30","2024-11-01",37
2024,"NSW","Outer Regional Australia","26-39","positive_breath_tests",7,0,31,"2024-08-31","2024-08-01",38
2024,"NSW","Outer Regional Australia","26-39","positive_breath_tests",8,0,26,"2024-12-31","2024-01-01",68
2024,"NSW","Outer Regional Australia","26-39","positive_breath_tests",9,0,24,"2024-05-31","2024-05-01",33
2024,"NSW","Outer Regional Australia","26-39","positive_breath_tests",9,0,25,"2024-03-31","2024-03-01",34
2024,"NSW","Outer Regional Australia","26-39","positive_breath_tests",11,0,30,"2024-09-30","2024-09-01",41
2024,"NSW","Outer Regional Australia","26-39","positive_breath_tests",15,0,40,"2024-06-30","2024-06-01",55
2024,"NSW","Outer Regional Australia","40-64","positive_breath_tests",4,0,14,"2024-10-31","2024-10-01",18
2024,"NSW","Outer Regional Australia","40-64","positive_breath_tests",4,0,20,"2024-01-31","2024-01-01",24
2024,"NSW","Outer Regional Australia","40-64","positive_breath_tests",5,0,15,"2024-07-31","2024-07-01",20
2024,"NSW","Outer Regional Australia","40-64","positive_breath_tests",5,0,17,"2024-05-31","2024-05-01",22
2024,"NSW","Outer Regional Australia","40-64","positive_breath_tests",6,0,19,"2024-09-30","2024-09-01",25
2024,"NSW","Outer Regional Australia","40-64","positive_breath_tests",6,0,21,"2024-08-31","2024-08-01",27
2024,"NSW","Outer Regional Australia","40-64","positive_breath_tests",7,0,26,"2024-11-30","2024-11-01",33
2024,"NSW","Outer Regional Australia","40-64","positive_breath_tests",10,0,21,"2024-03-31","2024-03-01",31
2024,"NSW","Outer Regional Australia","40-64","positive_breath_tests",11,0,21,"2024-02-29","2024-02-01",32
2024,"NSW","Outer Regional Australia","40-64","positive_breath_tests",11,0,22,"2024-06-30","2024-06-01",33
2024,"NSW","Outer Regional Australia","40-64","positive_breath_tests",14,0,19,"2024-04-30","2024-04-01",33
2024,"NSW","Outer Regional Australia","40-64","positive_breath_tests",15,0,23,"2024-12-31","2024-12-01",38
2024,"NSW","Outer Regional Australia","65 and over","positive_breath_tests",0,0,1,"2024-07-31","2024-07-01",1
2024,"NSW","Outer Regional Australia","65 and over","positive_breath_tests",0,0,2,"2024-02-29","2024-02-01",2
2024,"NSW","Outer Regional Australia","65 and over","positive_breath_tests",1,0,2,"2024-10-31","2024-10-01",3
2024,"NSW","Outer Regional Australia","65 and over","positive_breath_tests",1,0,4,"2024-12-31","2024-05-01",10
2024,"NSW","Outer Regional Australia","65 and over","positive_breath_tests",2,0,1,"2024-03-31","2024-03-01",3
2024,"NSW","Outer Regional Australia","65 and over","positive_breath_tests",2,0,2,"2024-06-30","2024-06-01",4
2024,"NSW","Outer Regional Australia","65 and over","positive_breath_tests",3,0,4,"2024-09-30","2024-09-01",7
2024,"NSW","Outer Regional Australia","65 and over","positive_breath_tests",4,0,3,"2024-04-30","2024-04-01",7
2024,"NSW","Outer Regional Australia","65 and over","positive_breath_tests",5,0,0,"2024-01-31","2024-01-01",5
2024,"NSW","Remote Australia","0-16","positive_breath_tests",0,0,2,"2024-12-31","2024-12-01",2
2024,"NSW","Remote Australia","17-25","positive_breath_tests",0,0,2,"2024-08-31","2024-03-01",4
2024,"NSW","Remote Australia","17-25","positive_breath_tests",0,0,3,"2024-10-31","2024-05-01",6
2024,"NSW","Remote Australia","17-25","positive_breath_tests",0,0,6,"2024-12-31","2024-12-01",6
2024,"NSW","Remote Australia","17-25","positive_breath_tests",1,0,0,"2024-11-30","2024-11-01",1
2024,"NSW","Remote Australia","17-25","positive_breath_tests",1,0,1,"2024-01-31","2024-01-01",2
2024,"NSW","Remote Australia","17-25","positive_breath_tests",2,0,2,"2024-09-30","2024-06-01",8
2024,"NSW","Remote Australia","17-25","positive_breath_tests",3,0,0,"2024-04-30","2024-04-01",3
2024,"NSW","Remote Australia","17-25","positive_breath_tests",3,0,2,"2024-02-29","2024-02-01",5
2024,"NSW","Remote Australia","17-25","positive_breath_tests",6,0,1,"2024-07-31","2024-07-01",7
2024,"NSW","Remote Australia","26-39","positive_breath_tests",0,0,1,"2024-09-30","2024-04-01",2
2024,"NSW","Remote Australia","26-39","positive_breath_tests",0,0,2,"2024-12-31","2024-03-01",4
2024,"NSW","Remote Australia","26-39","positive_breath_tests",0,0,3,"2024-10-31","2024-05-01",6
2024,"NSW","Remote Australia","26-39","positive_breath_tests",0,0,4,"2024-08-31","2024-06-01",8
2024,"NSW","Remote Australia","26-39","positive_breath_tests",1,0,2,"2024-11-30","2024-11-01",3
2024,"NSW","Remote Australia","26-39","positive_breath_tests",1,0,8,"2024-02-29","2024-02-01",9
2024,"NSW","Remote Australia","26-39","positive_breath_tests",2,0,2,"2024-01-31","2024-01-01",4
2024,"NSW","Remote Australia","26-39","positive_breath_tests",2,0,7,"2024-07-31","2024-07-01",9
2024,"NSW","Remote Australia","40-64","positive_breath_tests",0,0,2,"2024-03-31","2024-03-01",2
2024,"NSW","Remote Australia","40-64","positive_breath_tests",0,0,3,"2024-10-31","2024-10-01",3
2024,"NSW","Remote Australia","40-64","positive_breath_tests",0,0,4,"2024-08-31","2024-08-01",4
2024,"NSW","Remote Australia","40-64","positive_breath_tests",0,0,6,"2024-02-29","2024-02-01",6
2024,"NSW","Remote Australia","40-64","positive_breath_tests",1,0,2,"2024-09-30","2024-09-01",3
2024,"NSW","Remote Australia","40-64","positive_breath_tests",1,0,4,"2024-12-31","2024-12-01",5
2024,"NSW","Remote Australia","40-64","positive_breath_tests",1,0,5,"2024-05-31","2024-05-01",6
2024,"NSW","Remote Australia","40-64","positive_breath_tests",2,0,3,"2024-07-31","2024-07-01",5
2024,"NSW","Remote Australia","40-64","positive_breath_tests",2,0,4,"2024-01-31","2024-01-01",6
2024,"NSW","Remote Australia","40-64","positive_breath_tests",3,0,2,"2024-06-30","2024-06-01",5
2024,"NSW","Remote Australia","65 and over","positive_breath_tests",0,0,2,"2024-10-31","2024-09-01",4
2024,"NSW","Remote Australia","65 and over","positive_breath_tests",1,0,0,"2024-12-31","2024-03-01",2
2024,"NSW","Unknown","17-25","positive_breath_tests",0,0,1,"2024-02-29","2024-02-01",1
2024,"NSW","Unknown","17-25","positive_breath_tests",0,0,2,"2024-10-31","2024-10-01",2
2024,"NSW","Unknown","17-25","positive_breath_tests",0,0,3,"2024-06-30","2024-06-01",3
2024,"NSW","Unknown","17-25","positive_breath_tests",1,0,6,"2024-04-30","2024-04-01",7
2024,"NSW","Unknown","17-25","positive_breath_tests",2,0,5,"2024-12-31","2024-12-01",7
2024,"NSW","Unknown","17-25","positive_breath_tests",3,0,7,"2024-07-31","2024-07-01",10
2024,"NSW","Unknown","17-25","positive_breath_tests",5,0,4,"2024-05-31","2024-05-01",9
2024,"NSW","Unknown","17-25","positive_breath_tests",5,0,14,"2024-11-30","2024-11-01",19
2024,"NSW","Unknown","17-25","positive_breath_tests",5,0,15,"2024-01-31","2024-01-01",20
2024,"NSW","Unknown","17-25","positive_breath_tests",9,0,16,"2024-03-31","2024-03-01",25
2024,"NSW","Unknown","26-39","positive_breath_tests",0,0,2,"2024-08-31","2024-08-01",2
2024,"NSW","Unknown","26-39","positive_breath_tests",1,0,2,"2024-10-31","2024-10-01",3
2024,"NSW","Unknown","26-39","positive_breath_tests",1,0,3,"2024-09-30","2024-09-01",4
2024,"NSW","Unknown","26-39","positive_breath_tests",1,0,6,"2024-06-30","2024-06-01",7
2024,"NSW","Unknown","26-39","positive_breath_tests",1,0,8,"2024-04-30","2024-04-01",9
2024,"NSW","Unknown","26-39","positive_breath_tests",2,0,3,"2024-02-29","2024-02-01",5
2024,"NSW","Unknown","26-39","positive_breath_tests",2,0,12,"2024-07-31","2024-07-01",14
2024,"NSW","Unknown","26-39","positive_breath_tests",3,0,16,"2024-01-31","2024-01-01",19
2024,"NSW","Unknown","26-39","positive_breath_tests",5,0,16,"2024-05-31","2024-05-01",21
2024,"NSW","Unknown","26-39","positive_breath_tests",6,0,11,"2024-12-31","2024-12-01",17
2024,"NSW","Unknown","26-39","positive_breath_tests",7,0,29,"2024-11-30","2024-11-01",36
2024,"NSW","Unknown","26-39","positive_breath_tests",9,0,30,"2024-03-31","2024-03-01",39
2024,"NSW","Unknown","40-64","positive_breath_tests",0,0,1,"2024-10-31","2024-10-01",1
2024,"NSW","Unknown","40-64","positive_breath_tests",0,0,2,"2024-09-30","2024-08-01",4
2024,"NSW","Unknown","40-64","positive_breath_tests",0,0,13,"2024-07-31","2024-07-01",13
2024,"NSW","Unknown","40-64","positive_breath_tests",1,0,6,"2024-12-31","2024-12-01",7
2024,"NSW","Unknown","40-64","positive_breath_tests",2,0,4,"2024-04-30","2024-02-01",12
2024,"NSW","Unknown","40-64","positive_breath_tests",3,0,2,"2024-06-30","2024-06-01",5
2024,"NSW","Unknown","40-64","positive_breath_tests",3,0,12,"2024-11-30","2024-11-01",15
2024,"NSW","Unknown","40-64","positive_breath_tests",6,0,16,"2024-01-31","2024-01-01",22
2024,"NSW","Unknown","40-64","positive_breath_tests",7,0,12,"2024-05-31","2024-05-01",19
2024,"NSW","Unknown","40-64","positive_breath_tests",13,0,27,"2024-03-31","2024-03-01",40
2024,"NSW","Unknown","65 and over","positive_breath_tests",0,0,1,"2024-08-31","2024-02-01",2
2024,"NSW","Unknown","65 and over","positive_breath_tests",0,0,2,"2024-12-31","2024-11-01",4
2024,"NSW","Unknown","65 and over","positive_breath_tests",1,0,0,"2024-06-30","2024-06-01",1
2024,"NSW","Unknown","65 and over","positive_breath_tests",1,0,1,"2024-05-31","2024-05-01",2
2024,"NSW","Unknown","65 and over","positive_breath_tests",2,0,1,"2024-01-31","2024-01-01",3
2024,"NSW","Unknown","65 and over","positive_breath_tests",2,0,3,"2024-03-31","2024-03-01",5
2024,"NSW","Very Remote Australia","0-16","positive_breath_tests",0,0,1,"2024-04-30","2024-04-01",1
2024,"NSW","Very Remote Australia","17-25","positive_breath_tests",0,0,1,"2024-07-31","2024-03-01",2
2024,"NSW","Very Remote Australia","17-25","positive_breath_tests",1,0,1,"2024-08-31","2024-01-01",4
2024,"NSW","Very Remote Australia","26-39","positive_breath_tests",0,0,1,"2024-12-31","2024-02-01",3
2024,"NSW","Very Remote Australia","26-39","positive_breath_tests",0,0,2,"2024-01-31","2024-01-01",2
2024,"NSW","Very Remote Australia","26-39","positive_breath_tests",0,0,3,"2024-04-30","2024-04-01",3
2024,"NSW","Very Remote Australia","26-39","positive_breath_tests",1,0,0,"2024-03-31","2024-03-01",1
2024,"NSW","Very Remote Australia","40-64","positive_breath_tests",0,0,1,"2024-10-31","2024-10-01",1
2024,"NSW","Very Remote Australia","40-64","positive_breath_tests",0,0,2,"2024-03-31","2024-03-01",2
2024,"NSW","Very Remote Australia","40-64","positive_breath_tests",1,0,0,"2024-12-31","2024-12-01",1
2024,"NSW","Very Remote Australia","65 and over","positive_breath_tests",0,0,2,"2024-01-31","2024-01-01",2
2024,"NT","Unknown","0-16","positive_breath_tests",0,0,1,"2024-07-31","2024-04-01",0
2024,"NT","Unknown","0-16","positive_breath_tests",0,0,2,"2024-10-31","2024-10-01",0
2024,"NT","Unknown","0-16","positive_breath_tests",0,1,1,"2024-08-31","2024-06-01",0
2024,"NT","Unknown","0-16","positive_breath_tests",0,1,2,"2024-12-31","2024-02-01",0
2024,"NT","Unknown","0-16","positive_breath_tests",2,0,1,"2024-05-31","2024-05-01",0
2024,"NT","Unknown","17-25","positive_breath_tests",1,2,13,"2024-02-29","2024-02-01",0
2024,"NT","Unknown","17-25","positive_breath_tests",1,11,23,"2024-03-31","2024-03-01",0
2024,"NT","Unknown","17-25","positive_breath_tests",2,7,25,"2024-09-30","2024-09-01",0
2024,"NT","Unknown","17-25","positive_breath_tests",3,6,17,"2024-04-30","2024-04-01",0
2024,"NT","Unknown","17-25","positive_breath_tests",3,6,22,"2024-08-31","2024-08-01",0
2024,"NT","Unknown","17-25","positive_breath_tests",3,7,27,"2024-06-30","2024-06-01",0
2024,"NT","Unknown","17-25","positive_breath_tests",3,9,35,"2024-11-30","2024-11-01",0
2024,"NT","Unknown","17-25","positive_breath_tests",3,11,28,"2024-12-31","2024-12-01",0
2024,"NT","Unknown","17-25","positive_breath_tests",4,7,28,"2024-07-31","2024-07-01",0
2024,"NT","Unknown","17-25","positive_breath_tests",4,9,26,"2024-05-31","2024-05-01",0
2024,"NT","Unknown","17-25","positive_breath_tests",4,9,30,"2024-10-31","2024-10-01",0
2024,"NT","Unknown","17-25","positive_breath_tests",6,5,17,"2024-01-31","2024-01-01",0
2024,"NT","Unknown","26-39","positive_breath_tests",3,10,35,"2024-03-31","2024-03-01",0
2024,"NT","Unknown","26-39","positive_breath_tests",3,13,29,"2024-02-29","2024-02-01",0
2024,"NT","Unknown","26-39","positive_breath_tests",5,8,29,"2024-01-31","2024-01-01",0
2024,"NT","Unknown","26-39","positive_breath_tests",5,23,59,"2024-07-31","2024-07-01",0
2024,"NT","Unknown","26-39","positive_breath_tests",6,14,34,"2024-05-31","2024-05-01",0
2024,"NT","Unknown","26-39","positive_breath_tests",9,21,54,"2024-04-30","2024-04-01",0
2024,"NT","Unknown","26-39","positive_breath_tests",9,22,50,"2024-06-30","2024-06-01",0
2024,"NT","Unknown","26-39","positive_breath_tests",9,25,60,"2024-08-31","2024-08-01",0
2024,"NT","Unknown","26-39","positive_breath_tests",10,19,68,"2024-10-31","2024-10-01",0
2024,"NT","Unknown","26-39","positive_breath_tests",10,33,66,"2024-12-31","2024-12-01",0
2024,"NT","Unknown","26-39","positive_breath_tests",11,16,48,"2024-11-30","2024-11-01",0
2024,"NT","Unknown","26-39","positive_breath_tests",12,13,36,"2024-09-30","2024-09-01",0
2024,"NT","Unknown","40-64","positive_breath_tests",3,16,40,"2024-11-30","2024-11-01",0
2024,"NT","Unknown","40-64","positive_breath_tests",4,8,28,"2024-04-30","2024-04-01",0
2024,"NT","Unknown","40-64","positive_breath_tests",5,10,25,"2024-02-29","2024-02-01",0
2024,"NT","Unknown","40-64","positive_breath_tests",6,8,23,"2024-06-30","2024-06-01",0
2024,"NT","Unknown","40-64","positive_breath_tests",6,22,36,"2024-03-31","2024-03-01",0
2024,"NT","Unknown","40-64","positive_breath_tests",6,27,66,"2024-12-31","2024-12-01",0
2024,"NT","Unknown","40-64","positive_breath_tests",8,12,48,"2024-07-31","2024-07-01",0
2024,"NT","Unknown","40-64","positive_breath_tests",9,4,17,"2024-01-31","2024-01-01",0
2024,"NT","Unknown","40-64","positive_breath_tests",10,21,56,"2024-08-31","2024-08-01",0
2024,"NT","Unknown","40-64","positive_breath_tests",11,6,21,"2024-05-31","2024-05-01",0
2024,"NT","Unknown","40-64","positive_breath_tests",12,20,47,"2024-10-31","2024-10-01",0
2024,"NT","Unknown","40-64","positive_breath_tests",13,21,53,"2024-09-30","2024-09-01",0
2024,"NT","Unknown","65 and over","positive_breath_tests",0,0,1,"2024-06-30","2024-01-01",0
2024,"NT","Unknown","65 and over","positive_breath_tests",0,0,3,"2024-09-30","2024-09-01",0
2024,"NT","Unknown","65 and over","positive_breath_tests",0,2,4,"2024-11-30","2024-11-01",0
2024,"NT","Unknown","65 and over","positive_breath_tests",1,0,1,"2024-04-30","2024-04-01",0
2024,"NT","Unknown","65 and over","positive_breath_tests",1,0,3,"2024-07-31","2024-07-01",0
2024,"NT","Unknown","65 and over","positive_breath_tests",1,2,7,"2024-10-31","2024-10-01",0
2024,"NT","Unknown","65 and over","positive_breath_tests",2,0,1,"2024-05-31","2024-05-01",0
2024,"NT","Unknown","65 and over","positive_breath_tests",2,0,3,"2024-08-31","2024-08-01",0
2024,"NT","Unknown","Unknown","positive_breath_tests",0,0,0,"2024-12-31","2024-01-01",8717
2024,"QLD","Unknown","All ages","positive_breath_tests",0,0,0,"2024-12-31","2024-01-01",15336
2024,"SA","Unknown","0-16","positive_breath_tests",0,0,0,"2024-09-30","2024-05-01",0
2024,"SA","Unknown","0-16","positive_breath_tests",0,0,1,"2024-04-30","2024-04-01",1
2024,"SA","Unknown","0-16","positive_breath_tests",0,1,0,"2024-03-31","2024-03-01",1
2024,"SA","Unknown","0-16","positive_breath_tests",0,1,1,"2024-01-31","2024-01-01",2
2024,"SA","Unknown","0-16","positive_breath_tests",0,2,0,"2024-11-30","2024-10-01",4
2024,"SA","Unknown","0-16","positive_breath_tests",1,0,0,"2024-02-29","2024-02-01",1
2024,"SA","Unknown","0-16","positive_breath_tests",2,0,0,"2024-12-31","2024-12-01",2
2024,"SA","Unknown","17-25","positive_breath_tests",18,1,39,"2024-02-29","2024-02-01",58
2024,"SA","Unknown","17-25","positive_breath_tests",18,5,33,"2024-06-30","2024-06-01",56
2024,"SA","Unknown","17-25","positive_breath_tests",20,2,31,"2024-05-31","2024-05-01",53
2024,"SA","Unknown","17-25","positive_breath_tests",22,2,44,"2024-10-31","2024-10-01",68
2024,"SA","Unknown","17-25","positive_breath_tests",23,4,37,"2024-08-31","2024-08-01",64
2024,"SA","Unknown","17-25","positive_breath_tests",23,6,28,"2024-04-30","2024-04-01",57
2024,"SA","Unknown","17-25","positive_breath_tests",24,2,38,"2024-09-30","2024-09-01",64
2024,"SA","Unknown","17-25","positive_breath_tests",29,5,39,"2024-11-30","2024-11-01",73
2024,"SA","Unknown","17-25","positive_breath_tests",31,2,37,"2024-07-31","2024-07-01",70
2024,"SA","Unknown","17-25","positive_breath_tests",33,7,36,"2024-01-31","2024-01-01",76
2024,"SA","Unknown","17-25","positive_breath_tests",39,5,42,"2024-03-31","2024-03-01",86
2024,"SA","Unknown","17-25","positive_breath_tests",44,5,51,"2024-12-31","2024-12-01",100
2024,"SA","Unknown","26-39","positive_breath_tests",23,4,81,"2024-06-30","2024-06-01",108
2024,"SA","Unknown","26-39","positive_breath_tests",23,9,88,"2024-04-30","2024-04-01",120
2024,"SA","Unknown","26-39","positive_breath_tests",24,7,83,"2024-10-31","2024-10-01",114
2024,"SA","Unknown","26-39","positive_breath_tests",26,9,104,"2024-05-31","2024-05-01",139
2024,"SA","Unknown","26-39","positive_breath_tests",27,6,100,"2024-07-31","2024-07-01",133
2024,"SA","Unknown","26-39","positive_breath_tests",29,7,111,"2024-09-30","2024-09-01",147
2024,"SA","Unknown","26-39","positive_breath_tests",30,8,96,"2024-08-31","2024-08-01",134
2024,"SA","Unknown","26-39","positive_breath_tests",38,7,109,"2024-03-31","2024-03-01",154
2024,"SA","Unknown","26-39","positive_breath_tests",42,6,95,"2024-11-30","2024-11-01",143
2024,"SA","Unknown","26-39","positive_breath_tests",42,12,84,"2024-01-31","2024-01-01",138
2024,"SA","Unknown","26-39","positive_breath_tests",48,3,59,"2024-02-29","2024-02-01",110
2024,"SA","Unknown","26-39","positive_breath_tests",49,10,104,"2024-12-31","2024-12-01",163
2024,"SA","Unknown","40-64","positive_breath_tests",29,8,84,"2024-06-30","2024-06-01",121
2024,"SA","Unknown","40-64","positive_breath_tests",31,14,84,"2024-05-31","2024-05-01",129
2024,"SA","Unknown","40-64","positive_breath_tests",32,5,90,"2024-10-31","2024-10-01",127
2024,"SA","Unknown","40-64","positive_breath_tests",34,8,110,"2024-11-30","2024-11-01",152
2024,"SA","Unknown","40-64","positive_breath_tests",37,5,88,"2024-09-30","2024-09-01",130
2024,"SA","Unknown","40-64","positive_breath_tests",44,6,93,"2024-07-31","2024-07-01",143
2024,"SA","Unknown","40-64","positive_breath_tests",44,11,99,"2024-01-31","2024-01-01",154
2024,"SA","Unknown","40-64","positive_breath_tests",45,7,85,"2024-04-30","2024-04-01",137
2024,"SA","Unknown","40-64","positive_breath_tests",46,8,83,"2024-02-29","2024-02-01",137
2024,"SA","Unknown","40-64","positive_breath_tests",47,10,111,"2024-03-31","2024-03-01",168
2024,"SA","Unknown","40-64","positive_breath_tests",49,10,99,"2024-08-31","2024-08-01",158
2024,"SA","Unknown","40-64","positive_breath_tests",50,12,93,"2024-12-31","2024-12-01",155
2024,"SA","Unknown","65 and over","positive_breath_tests",3,0,14,"2024-06-30","2024-06-01",17
2024,"SA","Unknown","65 and over","positive_breath_tests",4,1,5,"2024-10-31","2024-10-01",10
2024,"SA","Unknown","65 and over","positive_breath_tests",6,2,10,"2024-05-31","2024-05-01",18
2024,"SA","Unknown","65 and over","positive_breath_tests",7,0,17,"2024-11-30","2024-11-01",24
2024,"SA","Unknown","65 and over","positive_breath_tests",9,0,10,"2024-02-29","2024-02-01",19
2024,"SA","Unknown","65 and over","positive_breath_tests",9,0,12,"2024-04-30","2024-04-01",21
2024,"SA","Unknown","65 and over","positive_breath_tests",10,0,12,"2024-07-31","2024-07-01",22
2024,"SA","Unknown","65 and over","positive_breath_tests",11,1,10,"2024-09-30","2024-09-01",22
2024,"SA","Unknown","65 and over","positive_breath_tests",13,0,20,"2024-12-31","2024-12-01",33
2024,"SA","Unknown","65 and over","positive_breath_tests",15,0,13,"2024-03-31","2024-03-01",28
2024,"SA","Unknown","65 and over","positive_breath_tests",15,0,17,"2024-01-31","2024-01-01",32
2024,"SA","Unknown","65 and over","positive_breath_tests",15,1,21,"2024-08-31","2024-08-01",37
2024,"SA","Unknown","Unknown","positive_breath_tests",0,0,1,"2024-09-30","2024-09-01",1
2024,"VIC","Inner Regional Australia","0-16","positive_breath_tests",0,0,0,"2024-07-31","2024-07-01",1
2024,"VIC","Inner Regional Australia","17-25","positive_breath_tests",0,0,0,"2024-08-31","2024-01-01",311
2024,"VIC","Inner Regional Australia","26-39","positive_breath_tests",0,0,0,"2024-08-31","2024-01-01",547
2024,"VIC","Inner Regional Australia","40-64","positive_breath_tests",0,0,0,"2024-08-31","2024-01-01",603
2024,"VIC","Inner Regional Australia","65 and over","positive_breath_tests",0,0,0,"2024-08-31","2024-01-01",74
2024,"VIC","Inner Regional Australia","Unknown","positive_breath_tests",0,0,0,"2024-08-31","2024-08-01",1
2024,"VIC","Major Cities of Australia","17-25","positive_breath_tests",0,0,0,"2024-08-31","2024-01-01",755
2024,"VIC","Major Cities of Australia","26-39","positive_breath_tests",0,0,0,"2024-08-31","2024-01-01",1374
2024,"VIC","Major Cities of Australia","40-64","positive_breath_tests",0,0,0,"2024-08-31","2024-01-01",1198
2024,"VIC","Major Cities of Australia","65 and over","positive_breath_tests",0,0,0,"2024-08-31","2024-01-01",146
2024,"VIC","Major Cities of Australia","Unknown","positive_breath_tests",0,0,0,"2024-03-31","2024-03-01",1
2024,"VIC","Outer Regional Australia","0-16","positive_breath_tests",0,0,0,"2024-05-31","2024-05-01",1
2024,"VIC","Outer Regional Australia","17-25","positive_breath_tests",0,0,0,"2024-08-31","2024-01-01",72
2024,"VIC","Outer Regional Australia","26-39","positive_breath_tests",0,0,0,"2024-08-31","2024-01-01",135
2024,"VIC","Outer Regional Australia","40-64","positive_breath_tests",0,0,0,"2024-08-31","2024-01-01",152
2024,"VIC","Outer Regional Australia","65 and over","positive_breath_tests",0,0,0,"2024-08-31","2024-01-01",27
2024,"VIC","Outer Regional Australia","Unknown","positive_breath_tests",0,0,0,"2024-04-30","2024-04-01",1
2024,"VIC","Remote Australia","26-39","positive_breath_tests",0,0,0,"2024-03-31","2024-01-01",3
2024,"VIC","Remote Australia","40-64","positive_breath_tests",0,0,0,"2024-08-31","2024-01-01",2
2024,"VIC","Remote Australia","65 and over","positive_breath_tests",0,0,0,"2024-01-31","2024-01-01",1
2024,"VIC","Unknown","26-39","positive_breath_tests",0,0,0,"2024-07-31","2024-07-01",1
2024,"VIC","Unknown","40-64","positive_breath_tests",0,0,0,"2024-06-30","2024-06-01",1
2024,"WA","Unknown","0-16","positive_breath_tests",0,0,1,"2024-06-30","2024-02-01",3
2024,"WA","Unknown","0-16","positive_breath_tests",0,0,2,"2024-11-30","2024-11-01",2
2024,"WA","Unknown","0-16","positive_breath_tests",0,0,3,"2024-08-31","2024-01-01",12
2024,"WA","Unknown","0-16","positive_breath_tests",0,0,4,"2024-12-31","2024-12-01",4
2024,"WA","Unknown","0-16","positive_breath_tests",0,1,2,"2024-10-31","2024-09-01",4
2024,"WA","Unknown","17-25","positive_breath_tests",0,7,184,"2024-12-31","2024-12-01",184
2024,"WA","Unknown","17-25","positive_breath_tests",1,2,175,"2024-11-30","2024-11-01",176
2024,"WA","Unknown","17-25","positive_breath_tests",16,8,158,"2024-10-31","2024-10-01",174
2024,"WA","Unknown","17-25","positive_breath_tests",31,9,153,"2024-06-30","2024-06-01",184
2024,"WA","Unknown","17-25","positive_breath_tests",31,9,178,"2024-08-31","2024-08-01",209
2024,"WA","Unknown","17-25","positive_breath_tests",31,12,164,"2024-03-31","2024-03-01",195
2024,"WA","Unknown","17-25","positive_breath_tests",34,3,178,"2024-07-31","2024-07-01",212
2024,"WA","Unknown","17-25","positive_breath_tests",39,11,166,"2024-02-29","2024-02-01",205
2024,"WA","Unknown","17-25","positive_breath_tests",39,13,171,"2024-09-30","2024-09-01",210
2024,"WA","Unknown","17-25","positive_breath_tests",40,5,167,"2024-05-31","2024-05-01",207
2024,"WA","Unknown","17-25","positive_breath_tests",41,6,144,"2024-01-31","2024-01-01",185
2024,"WA","Unknown","17-25","positive_breath_tests",42,6,127,"2024-04-30","2024-04-01",169
2024,"WA","Unknown","26-39","positive_breath_tests",0,15,347,"2024-12-31","2024-12-01",347
2024,"WA","Unknown","26-39","positive_breath_tests",0,26,344,"2024-11-30","2024-11-01",344
2024,"WA","Unknown","26-39","positive_breath_tests",33,19,303,"2024-10-31","2024-10-01",336
2024,"WA","Unknown","26-39","positive_breath_tests",56,17,267,"2024-08-31","2024-08-01",323
2024,"WA","Unknown","26-39","positive_breath_tests",65,21,252,"2024-07-31","2024-07-01",317
2024,"WA","Unknown","26-39","positive_breath_tests",68,12,256,"2024-06-30","2024-06-01",324
2024,"WA","Unknown","26-39","positive_breath_tests",73,20,281,"2024-03-31","2024-03-01",354
2024,"WA","Unknown","26-39","positive_breath_tests",74,16,280,"2024-05-31","2024-05-01",354
2024,"WA","Unknown","26-39","positive_breath_tests",79,22,304,"2024-09-30","2024-09-01",383
2024,"WA","Unknown","26-39","positive_breath_tests",88,11,241,"2024-04-30","2024-04-01",329
2024,"WA","Unknown","26-39","positive_breath_tests",95,12,282,"2024-02-29","2024-02-01",377
2024,"WA","Unknown","26-39","positive_breath_tests",101,15,286,"2024-01-31","2024-01-01",387
2024,"WA","Unknown","40-64","positive_breath_tests",0,7,282,"2024-11-30","2024-11-01",282
2024,"WA","Unknown","40-64","positive_breath_tests",0,12,275,"2024-12-31","2024-12-01",275
2024,"WA","Unknown","40-64","positive_breath_tests",28,11,235,"2024-10-31","2024-10-01",263
2024,"WA","Unknown","40-64","positive_breath_tests",52,4,188,"2024-07-31","2024-07-01",240
2024,"WA","Unknown","40-64","positive_breath_tests",52,15,225,"2024-08-31","2024-08-01",277
2024,"WA","Unknown","40-64","positive_breath_tests",61,15,216,"2024-09-30","2024-09-01",277
2024,"WA","Unknown","40-64","positive_breath_tests",72,5,196,"2024-06-30","2024-06-01",268
2024,"WA","Unknown","40-64","positive_breath_tests",72,15,222,"2024-04-30","2024-04-01",294
2024,"WA","Unknown","40-64","positive_breath_tests",77,10,221,"2024-03-31","2024-03-01",298
2024,"WA","Unknown","40-64","positive_breath_tests",94,13,196,"2024-02-29","2024-02-01",290
2024,"WA","Unknown","40-64","positive_breath_tests",95,11,214,"2024-05-31","2024-05-01",309
2024,"WA","Unknown","40-64","positive_breath_tests",100,12,212,"2024-01-31","2024-01-01",312
2024,"WA","Unknown","65 and over","positive_breath_tests",0,0,24,"2024-12-31","2024-12-01",24
2024,"WA","Unknown","65 and over","positive_breath_tests",1,0,23,"2024-11-30","2024-11-01",24
2024,"WA","Unknown","65 and over","positive_breath_tests",6,1,13,"2024-10-31","2024-10-01",19
2024,"WA","Unknown","65 and over","positive_breath_tests",10,0,22,"2024-03-31","2024-03-01",32
2024,"WA","Unknown","65 and over","positive_breath_tests",11,0,18,"2024-09-30","2024-09-01",29
2024,"WA","Unknown","65 and over","positive_breath_tests",11,1,14,"2024-08-31","2024-08-01",25
2024,"WA","Unknown","65 and over","positive_breath_tests",12,1,27,"2024-04-30","2024-04-01",39
2024,"WA","Unknown","65 and over","positive_breath_tests",16,0,9,"2024-07-31","2024-07-01",25
2024,"WA","Unknown","65 and over","positive_breath_tests",16,0,19,"2024-06-30","2024-06-01",35
2024,"WA","Unknown","65 and over","positive_breath_tests",17,0,17,"2024-02-29","2024-02-01",34
2024,"WA","Unknown","65 and over","positive_breath_tests",19,0,13,"2024-05-31","2024-05-01",32
2024,"WA","Unknown","65 and over","positive_breath_tests",21,0,34,"2024-01-31","2024-01-01",55
